159.79931925999102,159.79931925999102,0.0,2.273255586624145,-16.024479269981384,0.0798583030700683,bad
160.95699143146086,160.95699143146086,0.0,1.8075689673423767,-15.878847241401672,0.9361982345581056,bad
163.3096207015481,163.3096207015481,0.0,1.662147045135498,-16.490888595581055,1.2418091297149658,bad
164.48949156702648,164.48949156702648,0.0,1.4506779611110687,-16.738146543502808,1.003861427307129,bad
165.2084652959272,165.2084652959272,0.0,1.3940118253231049,-16.658785939216614,1.311290264129639,bad
166.5860761650929,166.5860761650929,0.0,1.2733660638332367,-16.74390435218811,1.1267423629760742,bad
169.7299446815385,169.7299446815385,0.0,1.2025244534015656,-17.076727747917175,0.8363246917724609,bad
172.6910407916188,172.6910407916188,0.0,1.2359105050563812,-17.36927628517151,0.3589868545532226,bad
173.7487187453063,173.7487187453063,0.0,1.324143260717392,-17.36985146999359,0.3766059875488281,bad
175.10501053213054,175.10501053213054,0.0,1.210564374923706,-17.51190721988678,0.3081858158111572,bad
175.78793410456672,175.78793410456672,0.0,0.963696837425232,-17.73560345172882,0.2756476402282715,bad
175.34789721553457,175.34789721553457,0.0,0.9783446788787842,-17.45654046535492,0.4113972187042236,bad
174.09154444633717,174.09154444633717,0.0,0.8830107748508453,-17.97095239162445,0.2986311912536621,bad
172.6573999488213,172.6573999488213,0.0,1.0690845549106598,-17.934176325798035,0.6051003932952881,bad
170.6039668398511,170.6039668398511,0.0,1.1909738183021543,-17.704567313194275,0.5597233772277832,bad
167.01425928127136,167.01425928127136,0.0,1.7634719610214231,-16.955962777137756,0.787895917892456,bad
160.42531839578714,160.42531839578714,0.0,1.9487522542476647,-15.489885210990906,1.1827468872070312,bad
156.23418642832405,156.23418642832405,0.0,1.8564529716968536,-13.93888294696808,1.206439733505249,bad
151.4912268739045,151.4912268739045,0.0,1.6988687217235563,-13.1230890750885,0.963294506072998,bad
147.06454816321897,147.06454816321897,0.0,1.4904312789440155,-12.623998522758484,0.90867280960083,bad
147.78453115161105,147.78453115161105,0.0,1.3356193900108335,-12.896090745925903,0.6952524185180664,bad
152.07965947985767,152.07965947985767,0.0,1.6731992363929749,-13.801869750022888,0.758582353591919,bad
154.4847925641168,154.4847925641168,0.0,1.8920592963695528,-14.351138472557068,0.6930530071258545,bad
156.2898683057076,156.2898683057076,0.0,1.9652776420116425,-14.573279023170471,0.8419990539550781,bad
158.10416484263877,158.10416484263877,0.0,1.9731923937797544,-15.178588032722471,0.7149755954742432,bad
159.1936994101711,159.1936994101711,0.0,2.034416049718857,-15.545383095741272,0.7812321186065674,bad
160.29613200601753,160.29613200601753,0.0,2.096001803874969,-15.78187644481659,0.9530603885650636,bad
161.31943566252934,161.31943566252934,0.0,2.096698433160782,-15.865680575370789,1.013171672821045,bad
162.45567755024803,162.45567755024803,0.0,2.1548792719841003,-16.59899353981018,1.117628812789917,bad
164.2217247829464,164.2217247829464,0.0,1.8743544816970823,-16.898077726364136,1.0276973247528076,bad
167.84746873338963,167.84746873338963,0.0,1.6788795590400696,-17.213836312294006,1.1869728565216064,bad
173.48749862782134,173.48749862782134,0.0,1.5193432569503784,-18.292558193206787,0.9765207767486572,bad
174.68745045683116,174.68745045683116,0.0,1.4078572392463684,-18.40256154537201,0.4390180110931396,bad
176.58835871684315,176.58835871684315,0.0,1.072164624929428,-18.05464029312133,0.5470097064971924,bad
176.8415093891503,176.8415093891503,0.0,1.247444003820419,-17.823955416679382,0.6241738796234131,bad
176.02571984861794,176.02571984861794,0.0,1.430145651102066,-17.385944724082947,0.7892131805419922,bad
170.3725199810765,170.3725199810765,0.0,1.4184057712554932,-17.793792486190796,0.6667554378509521,bad
167.63559935998478,167.63559935998478,0.0,1.5105880796909332,-17.555412650108337,1.1251091957092283,bad
165.13140882058937,165.13140882058937,0.0,1.571459323167801,-16.845303773880005,1.130807399749756,bad
160.07446310118792,160.07446310118792,0.0,1.9921906292438507,-16.11526906490326,1.197957992553711,bad
156.73960854661203,156.73960854661203,0.0,1.837342977523804,-14.929980039596558,1.3664543628692627,bad
154.18767811189457,154.18767811189457,0.0,1.7731338739395142,-14.02457058429718,1.0359108448028564,bad
153.28939103617606,153.28939103617606,0.0,1.9153915345668795,-13.783004879951475,0.9665131568908693,bad
154.41882113873714,154.41882113873714,0.0,1.93009153008461,-13.817209005355837,0.8931934833526611,bad
157.717000874393,157.717000874393,0.0,1.9824549555778503,-15.036740899086,0.8353888988494873,bad
160.1380800425514,160.1380800425514,0.0,1.91815122961998,-15.927904844284058,0.921410322189331,bad
161.6685873967198,161.6685873967198,0.0,1.950230449438095,-16.26524031162262,1.2484610080718994,bad
164.27237075092756,164.27237075092756,0.0,1.8603861331939693,-17.089369893074036,1.1991262435913086,bad
167.96465154073897,167.96465154073897,0.0,1.634407788515091,-17.47509241104126,1.4450371265411377,bad
172.3141846117736,172.3141846117736,0.0,1.404530555009842,-17.968028783798218,1.008450984954834,bad
175.03647839009463,175.03647839009463,0.0,1.511867344379425,-18.64822506904602,0.6608426570892334,bad
175.70493041958008,175.70493041958008,0.0,1.5933722257614136,-18.34140419960022,0.4127681255340576,bad
176.49791673736448,176.49791673736448,0.0,1.7045900225639343,-18.011698126792908,0.4083335399627685,bad
175.8931279883507,175.8931279883507,0.0,1.6219213604927063,-17.70561933517456,0.8701980113983154,bad
169.70062618880894,169.70062618880894,0.0,1.4364391565322876,-17.6596462726593,1.3513505458831787,bad
164.93173431945226,164.93173431945226,0.0,1.5785649418830872,-17.40824580192566,1.4987945556640625,bad
162.89889787803213,162.89889787803213,0.0,1.7669923603534698,-16.19665026664734,1.6117453575134275,bad
159.54583411500025,159.54583411500025,0.0,1.960933208465576,-15.873473882675173,1.393747329711914,bad
158.36904178312076,158.36904178312076,0.0,1.9139207899570465,-15.693080425262451,1.5675544738769531,bad
156.1006529977174,156.1006529977174,0.0,1.5965551137924194,-15.351858735084534,1.5321969985961914,bad
155.52713692014834,155.52713692014834,0.0,1.5676170587539673,-15.303120017051697,1.4665544033050537,bad
156.7448818780643,156.7448818780643,0.0,1.579863578081131,-16.011875867843628,1.4995694160461426,bad
160.41961754591907,160.41961754591907,0.0,1.7892435193061829,-16.83635711669922,1.2860238552093506,bad
164.28051119221294,164.28051119221294,0.0,1.7960429191589355,-16.65501296520233,1.1629998683929443,bad
166.31661878786406,166.31661878786406,0.0,1.700650155544281,-17.16468632221222,1.5081942081451416,bad
169.93335953005518,169.93335953005518,0.0,1.692429929971695,-17.720818519592285,1.185619831085205,bad
173.28862417013303,173.28862417013303,0.0,1.700486242771149,-17.794644832611084,1.0162830352783203,bad
175.97664389214313,175.97664389214313,0.0,1.871960610151291,-18.03900301456452,0.9059548377990724,bad
176.1779943661652,176.1779943661652,0.0,1.879175752401352,-18.5359925031662,0.7835149765014648,bad
176.8190242618312,176.8190242618312,0.0,1.646583527326584,-18.135055899620056,0.7483124732971191,bad
175.3143758541491,175.3143758541491,0.0,1.6799673438072205,-18.033090233802795,0.9029746055603028,bad
171.3316927772283,171.3316927772283,0.0,1.78556889295578,-17.46249496936798,1.038295030593872,bad
166.59757017770715,166.59757017770715,0.0,1.83594897389412,-17.588284611701965,1.3828694820404053,bad
164.44596328715537,164.44596328715537,0.0,2.007712423801422,-17.439064383506775,1.6529619693756104,bad
163.2544773769904,163.2544773769904,0.0,1.8329329788684845,-17.15283989906311,1.7546594142913818,bad
160.66510559662308,160.66510559662308,0.0,1.6518324613571167,-16.287332773208618,1.87867283821106,bad
158.12434574786107,158.12434574786107,0.0,1.8329329788684845,-15.49983024597168,2.322077751159668,bad
157.60325791836868,157.60325791836868,0.0,1.9678488373756409,-15.314608812332152,2.0149528980255127,bad
158.4326223677313,158.4326223677313,0.0,1.8928445875644684,-15.574297308921814,1.8405258655548096,bad
160.4874902536525,160.4874902536525,0.0,1.754608005285263,-16.32392108440399,1.7841875553131104,bad
163.05178520656833,163.05178520656833,0.0,1.5732727944850922,-16.752487421035767,1.572650671005249,bad
164.5973582348946,164.5973582348946,0.0,1.5605702996253967,-17.391961812973022,1.6313791275024414,bad
169.29720074999824,169.29720074999824,0.0,1.4789856970310211,-17.733556032180786,1.3419389724731443,bad
173.64044596690275,173.64044596690275,0.0,1.6143471002578735,-18.70515048503876,1.2717664241790771,bad
174.59193110013865,174.59193110013865,0.0,1.6739971935749054,-17.99994707107544,1.0591328144073486,bad
177.92552911927763,177.92552911927763,0.0,1.6448982059955597,-17.552736401557922,1.145493984222412,bad
179.59895951533625,179.59895951533625,0.0,1.5026092529296875,-18.23948919773101,1.9245624542236328,bad
179.65238707164306,179.65238707164306,0.0,2.202560007572174,-17.734873294830322,1.804441213607788,bad
178.3257451921408,178.3257451921408,0.0,2.0307570695877075,-18.01842153072357,1.6254067420959473,bad
173.28279571832198,173.28279571832198,0.0,2.056431025266648,-17.889398336410522,1.616036891937256,bad
167.26415667302243,167.26415667302243,0.0,2.003413438796997,-17.43777096271515,2.175909280776977,bad
163.7912077186084,163.7912077186084,0.0,2.122826874256134,-16.962772607803345,2.2800087928771973,bad
160.80656164686772,160.80656164686772,0.0,2.1087445318698883,-15.067315101623535,2.4580657482147217,bad
158.7193616562391,158.7193616562391,0.0,2.1129272878170013,-14.31591510772705,2.5165557861328125,bad
158.44811821647085,158.44811821647085,0.0,1.809217780828476,-14.51384425163269,2.5416433811187744,bad
158.26844080438892,158.26844080438892,0.0,1.934957504272461,-14.685621857643127,2.257531881332397,bad
160.28254595581285,160.28254595581285,0.0,1.870650053024292,-15.96752107143402,2.240478992462158,bad
163.41527590394148,163.41527590394148,0.0,1.750260591506958,-16.47511124610901,2.384006977081299,bad
165.97039432456015,165.97039432456015,0.0,1.9607029855251312,-16.938060522079468,2.035224437713623,bad
168.66409815501007,168.66409815501007,0.0,1.911810040473938,-17.545437812805176,1.5480339527130127,bad
173.08169050372504,173.08169050372504,0.0,1.8467977643013,-17.556801438331604,1.3319194316864014,bad
175.0751503193473,175.0751503193473,0.0,1.7944209277629852,-17.85297989845276,1.152336597442627,bad
176.59122806909664,176.59122806909664,0.0,1.6128897666931152,-18.137335777282715,1.0245323181152344,bad
176.99214262689262,176.99214262689262,0.0,1.5470735728740692,-17.750415205955505,1.0577917098999023,bad
173.9009939391045,173.9009939391045,0.0,1.7045527696609497,-17.512083053588867,0.9916484355926514,bad
153.1483757627386,153.1483757627386,0.0,1.6802676022052765,-14.029741287231444,3.0031323432922363,good
150.3643590983444,150.3643590983444,0.0,1.1370867490768433,-13.653609156608582,3.459012508392334,good
148.02936130504875,148.02936130504875,0.0,1.2645110487937927,-12.937816977500916,3.079104423522949,good
147.52153822841197,147.52153822841197,0.0,1.3342149555683136,-12.656009197235107,3.235185146331787,good
151.16263413279069,151.16263413279069,0.0,1.6566358506679535,-13.4871244430542,3.1981289386749268,good
152.94401852247427,152.94401852247427,0.0,1.6333825886249542,-14.258724451065063,3.3761799335479736,good
156.1145435198075,156.1145435198075,0.0,1.5997059643268583,-14.119952917099,3.2200098037719727,good
160.00281952616712,160.00281952616712,0.0,1.5039972960948944,-14.279216527938845,2.84578800201416,good
161.66007134815789,161.66007134815789,0.0,1.1864930391311646,-14.6742045879364,2.615439891815185,good
161.8911458245891,161.8911458245891,0.0,1.1962220072746277,-14.923828840255736,2.5100648403167725,good
156.95719757436515,156.95719757436515,0.0,1.336834579706192,-14.54560160636902,2.6840806007385254,good
150.32968249367866,150.32968249367866,0.0,1.495121419429779,-13.065436482429504,2.416294813156128,good
142.0141476752227,142.0141476752227,0.0,1.5600964426994324,-12.205016613006592,2.5052249431610107,good
131.5840764840057,131.5840764840057,0.0,0.9751759469509124,-10.18710434436798,2.629578113555908,good
122.1323900113866,122.1323900113866,0.0,0.6953001022338867,-8.89645516872406,1.9718170166015625,good
113.74792242884652,113.74792242884652,0.0,0.6054647266864777,-6.937897205352783,1.899152994155884,good
111.38445938993549,111.38445938993549,0.0,0.5591109395027161,-6.610211730003357,1.6822755336761477,good
104.22467038679028,104.22467038679028,0.0,0.8486762642860413,-5.671766400337219,1.6622722148895264,good
99.5601545718373,99.5601545718373,0.0,0.9465351700782776,-4.773411154747009,1.5138506889343262,good
97.86539207522202,97.86539207522202,0.0,0.8986227214336395,-4.607459902763367,1.714015007019043,good
92.46736165844436,92.46736165844436,0.0,0.6603509187698364,-3.4347057342529297,1.7894327640533447,good
91.54648472694208,91.54648472694208,0.0,0.7463060319423676,-3.24300229549408,1.6442835330963137,good
100.35149388643276,100.35149388643276,0.0,0.9582400321960448,-5.019524693489075,1.5688002109527588,good
110.04949298068496,110.04949298068496,0.0,0.8184269070625305,-7.142677903175354,1.713120937347412,good
121.19002965229453,121.19002965229453,0.0,0.8826896548271179,-9.316042065620422,1.6972124576568604,good
128.87720606023944,128.87720606023944,0.0,0.99964439868927,-10.646066069602966,1.812899112701416,good
133.82332426475756,133.82332426475756,0.0,1.4166221022605896,-11.33454442024231,1.988476514816284,good
139.92473413240256,139.92473413240256,0.0,1.496422290802002,-12.554073333740234,2.663177251815796,good
146.17986204123315,146.17986204123315,0.0,1.4137767255306244,-13.706395030021667,2.9371142387390137,good
150.48187929018894,150.48187929018894,0.0,1.3024665415287018,-14.67052698135376,3.241550922393799,good
152.2719991211759,152.2719991211759,0.0,1.2430854141712189,-14.643782377243042,3.1926393508911133,good
154.8770194747756,154.8770194747756,0.0,1.1210151016712189,-14.83539342880249,3.203350305557251,good
157.65410439012243,157.65410439012243,0.0,1.125810295343399,-15.565747022628784,3.32944393157959,good
157.1013351082163,157.1013351082163,0.0,1.077057421207428,-15.368327498435974,3.319340944290161,good
154.94766535544545,154.94766535544545,0.0,1.2133561074733734,-14.942285418510435,2.709287405014038,good
148.1911959649779,148.1911959649779,0.0,1.1342726647853851,-13.019126653671265,2.737540006637573,good
136.5020033869888,136.5020033869888,0.0,0.7568195462226868,-11.288046836853027,2.597665786743164,good
128.98247901846756,128.98247901846756,0.0,0.7564976811408997,-10.01022756099701,2.2979140281677246,good
124.1400590671656,124.1400590671656,0.0,0.6066039204597473,-9.115418791770937,2.1908700466156006,good
118.95811372372452,118.95811372372452,0.0,0.642801821231842,-8.46344530582428,1.6440331935882568,good
110.7293858047192,110.7293858047192,0.0,0.4371844232082367,-7.108303904533386,1.5986502170562744,good
105.09102731013562,105.09102731013562,0.0,0.0172860920429229,-6.074169278144836,1.6348600387573242,good
101.86319897319322,101.86319897319322,0.0,0.1196257770061492,-5.457329750061035,1.5595495700836182,good
107.7509821137988,107.7509821137988,0.0,0.1932591199874878,-6.687706708908081,1.4065682888031006,good
115.20786069941067,115.20786069941067,0.0,0.6687544286251068,-8.335861563682556,1.0419070720672607,good
121.11044063586344,121.11044063586344,0.0,0.8825443685054779,-9.534811973571776,1.0475873947143557,good
128.9205311544324,128.9205311544324,0.0,1.1711806058883667,-10.67919135093689,1.0916948318481443,good
133.03717253324237,133.03717253324237,0.0,1.309066265821457,-11.042627692222595,1.2750685214996338,good
136.87362252636774,136.87362252636774,0.0,1.407284289598465,-11.637166142463684,1.82608962059021,good
140.82280011057264,140.82280011057264,0.0,1.4579303562641144,-11.950775980949402,2.217626571655273,good
144.98947591032174,144.98947591032174,0.0,1.265466958284378,-12.872135639190674,2.678036689758301,good
149.13119001314868,149.13119001314868,0.0,1.0160066187381744,-14.597979187965391,3.0470550060272217,good
150.62530707145078,150.62530707145078,0.0,0.9329266846179962,-14.899581670761108,2.9218554496765137,good
151.9619563708727,151.9619563708727,0.0,0.9418472647666932,-14.807018637657166,2.8898775577545166,good
151.25302146762104,151.25302146762104,0.0,0.9129218757152556,-14.735206961631777,2.8403639793396,good
147.41518029935912,147.41518029935912,0.0,0.8559785783290863,-13.593316078186035,2.9058516025543213,good
140.95639697493192,140.95639697493192,0.0,0.8465781807899475,-12.1000736951828,2.484816312789917,good
127.9335428893443,127.9335428893443,0.0,0.7353700697422028,-10.180869698524477,2.033907175064087,good
121.51085418266165,121.51085418266165,0.0,0.7877573370933533,-8.959731459617615,1.4544665813446045,good
103.5730193236664,103.5730193236664,0.0,0.3798060119152069,-5.233967304229736,1.5188932418823242,good
95.31451522530348,95.31451522530348,0.0,0.1044623553752899,-3.894194960594177,1.4071881771087646,good
89.53680396307249,89.53680396307249,0.0,0.4951693117618561,-3.044697642326355,1.1118888854980469,good
89.381641069605,89.381641069605,0.0,0.4336364567279815,-3.1814128160476685,1.027590036392212,good
96.4526641962692,96.4526641962692,0.0,0.5766242742538452,-4.460456967353821,0.9312987327575684,good
105.81658619790772,105.81658619790772,0.0,0.2178475260734558,-6.360417604446411,0.8735358715057373,good
113.7301789937894,113.7301789937894,0.0,0.5985483527183533,-7.860621809959412,0.9006738662719727,good
119.07004684785215,119.07004684785215,0.0,0.9541906416416168,-9.036466479301453,1.040583848953247,good
124.25803678314568,124.25803678314568,0.0,0.9818978607654572,-9.946992993354796,1.2285947799682615,good
128.67285837515485,128.67285837515485,0.0,1.065288484096527,-10.575920343399048,1.4116346836090088,good
134.72258601826644,134.72258601826644,0.0,1.3526633381843567,-11.565780639648438,1.6869783401489258,good
141.02587258698907,141.02587258698907,0.0,1.392139494419098,-12.435749173164368,2.068495750427246,good
143.43968362679786,143.43968362679786,0.0,1.2600041925907135,-12.863954901695251,2.5301456451416016,good
145.8874194785502,145.8874194785502,0.0,1.0880857706069946,-13.80498707294464,2.601820230484009,good
149.60406230127518,149.60406230127518,0.0,1.0446347296237946,-14.85813558101654,2.605950832366944,good
153.09256374508826,153.09256374508826,0.0,1.117616891860962,-15.101870894432068,2.535688877105713,good
155.8483040617521,155.8483040617521,0.0,0.9888380765914916,-15.248310565948486,2.5157511234283447,good
157.40904414512897,157.40904414512897,0.0,0.8351512253284454,-15.32743275165558,2.667242288589477,good
156.75115899818718,156.75115899818718,0.0,0.8578531444072723,-15.31570553779602,2.9244303703308105,good
153.78145432671064,153.78145432671064,0.0,0.9786970913410188,-14.91304636001587,3.025388717651367,good
148.77116261877887,148.77116261877887,0.0,0.9307548403739928,-13.461562991142271,2.869129180908203,good
140.90324686840603,140.90324686840603,0.0,0.8115425705909729,-11.707249283790588,2.67677903175354,good
130.43797298378806,130.43797298378806,0.0,0.7393285632133484,-10.596245527267456,2.161383628845215,good
122.98840733134428,122.98840733134428,0.0,0.7406190037727356,-9.33285653591156,1.5784621238708496,good
115.17933153180743,115.17933153180743,0.0,0.6386019289493561,-7.527685165405273,1.5922307968139648,good
100.39801371041987,100.39801371041987,0.0,0.2868399024009704,-4.645049571990967,1.6750812530517578,good
92.89313960273722,92.89313960273722,0.0,0.256957858800888,-3.251960873603821,1.5035748481750488,good
93.62777291892462,93.62777291892462,0.0,0.5100540816783905,-3.4269720315933228,1.4562547206878662,good
100.8808090957932,100.8808090957932,0.0,0.3890357911586761,-5.002042651176453,1.1952877044677734,good
111.2482780627227,111.2482780627227,0.0,0.4960879683494568,-7.180044054985046,1.1650264263153076,good
122.10238078514595,122.10238078514595,0.0,1.042560487985611,-9.7581148147583,1.0053515434265137,good
125.97916774857458,125.97916774857458,0.0,1.0606199502944946,-10.403397679328918,0.9991705417633056,good
130.88807498081667,130.88807498081667,0.0,1.1322669684886932,-11.12808883190155,1.5139997005462646,good
135.21042026084106,135.21042026084106,0.0,1.3763301074504852,-11.571893095970154,1.8288493156433103,good
141.4157513397352,141.4157513397352,0.0,1.4085479080677032,-12.622514367103577,2.3046255111694336,good
144.74144160036,144.74144160036,0.0,1.305033266544342,-14.009621739387512,2.6842832565307617,good
146.84488825829447,146.84488825829447,0.0,1.2822739779949188,-15.286925435066223,2.60273814201355,good
147.49805014099357,147.49805014099357,0.0,1.3430051505565643,-15.154224634170532,2.5469720363616943,good
146.5251207381179,146.5251207381179,0.0,1.2110546231269836,-13.736408948898315,2.590620517730713,good
138.2241976249311,138.2241976249311,0.0,1.166650652885437,-11.460530757904053,2.201789617538452,good
128.1530634218406,128.1530634218406,0.0,0.631926953792572,-9.912019968032835,1.3218939304351809,good
120.33068104264834,120.33068104264834,0.0,0.6326004862785339,-8.361843228340149,1.3364076614379885,good
105.97948990343436,105.97948990343436,0.0,0.45057013630867,-5.387142300605774,1.5039443969726562,good
109.52106452955404,109.52106452955404,0.0,0.3769509494304657,-6.086856126785278,1.701289415359497,good
120.3651089564161,120.3651089564161,0.0,0.3741897642612457,-8.943557739257812,1.6905903816223145,good
127.31926695014224,127.31926695014224,0.0,0.6207652390003204,-10.69040596485138,1.4227688312530518,good
137.56987096237495,137.56987096237495,0.0,1.094912737607956,-12.204501032829285,1.500082015991211,good
142.36990750355105,142.36990750355105,0.0,1.3789214193820951,-12.646296620368958,2.4831831455230717,good
146.29389993796423,146.29389993796423,0.0,1.1520110070705414,-14.021050930023192,2.8793811798095703,good
149.43050479900575,149.43050479900575,0.0,1.0936833918094635,-14.635869860649109,3.0594468116760254,good
152.40900949567595,152.40900949567595,0.0,1.170977205038071,-14.97563123703003,2.665591239929199,good
156.00543378257493,156.00543378257493,0.0,1.1092953383922577,-15.932559967041016,2.444732189178467,good
158.29639090936433,158.29639090936433,0.0,1.0444276034832,-15.851926803588867,2.467423677444458,good
161.64855666126954,161.64855666126954,0.0,0.930238515138626,-16.337880492210388,2.552098035812378,good
161.2883379221953,161.2883379221953,0.0,0.8774600923061371,-15.502715110778809,2.5546252727508545,good
163.43444755921624,163.43444755921624,0.0,0.8016601204872131,-15.85141122341156,2.362143993377685,good
164.6173130196704,164.6173130196704,0.0,0.6164751946926117,-16.37778878211975,2.0135223865509038,good
83.20603488248213,83.20603488248213,0.0,0.8281022310256958,1.4676272869110107,1.5396833419799805,perfect
78.35300574665028,78.35300574665028,0.0,0.6460189819335938,2.0426958799362183,1.8510758876800537,perfect
79.44672289575715,79.44672289575715,0.0,0.4926443099975586,1.7642945051193237,1.9468605518341064,perfect
80.3340173957785,80.3340173957785,0.0,0.40657222270965576,1.4783889055252075,1.9380688667297363,perfect
78.88682756529029,78.88682756529029,0.0,0.46850889921188354,1.768559217453003,1.9021451473236084,perfect
70.58013327171226,70.58013327171226,0.0,0.44644027948379517,3.8551121950149536,1.9145846366882324,perfect
60.309736976813355,60.309736976813355,0.0,0.4880189895629883,6.125076115131378,1.9929289817810059,perfect
51.67202100383843,51.67202100383843,0.0,0.7480040192604065,7.494886219501495,2.2106289863586426,perfect
43.25388715414122,43.25388715414122,0.0,0.8341372013092041,9.057402610778809,2.4413347244262695,perfect
36.229984484679534,36.229984484679534,0.0,0.04345029592514038,10.772491991519928,2.566039562225342,perfect
33.07183220519435,33.07183220519435,0.0,0.5373463034629822,11.259607970714569,2.648806571960449,perfect
32.70303336910315,32.70303336910315,0.0,0.8288472890853882,11.22894138097763,2.817058563232422,perfect
32.50535778391434,32.50535778391434,0.0,0.7050603628158569,11.335371434688568,2.563333511352539,perfect
38.64782769379259,38.64782769379259,0.0,0.8140027523040771,10.910177230834961,2.8322458267211914,perfect
49.68633647084174,49.68633647084174,0.0,0.08626878261566162,8.696562051773071,2.612590789794922,perfect
59.53654846961832,59.53654846961832,0.0,0.9358212351799011,6.886014342308044,2.3285984992980957,perfect
65.26826307003623,65.26826307003623,0.0,1.3083532452583313,5.75001984834671,2.1838366985321045,perfect
69.58819146739584,69.58819146739584,0.0,1.1455073952674866,4.948517680168152,2.2090792655944824,perfect
76.4734027939837,76.4734027939837,0.0,1.0668843984603882,3.456234931945801,2.2344648838043213,perfect
83.41596624664217,83.41596624664217,0.0,1.0191157460212708,2.0433157682418823,2.1449804306030273,perfect
88.7494557444628,88.7494557444628,0.0,0.9265542030334473,0.7380157709121704,1.861107349395752,perfect
93.83263379773848,93.83263379773848,0.0,0.8286833763122559,-0.48072636127471924,1.5505671501159668,perfect
96.62752569613764,96.62752569613764,0.0,0.8159428834915161,-1.1186569929122925,1.4345169067382812,perfect
98.58103846351742,98.58103846351742,0.0,0.776691734790802,-1.6452610492706299,1.3187825679779053,perfect
100.6581256585917,100.6581256585917,0.0,0.7921367883682251,-2.193748950958252,1.2882649898529053,perfect
100.25874709330895,100.25874709330895,0.0,0.8099198341369629,-2.2390246391296387,1.2877583503723145,perfect
93.62833866214743,93.62833866214743,0.0,0.7976889610290527,-0.9568721055984497,1.4849424362182617,perfect
82.64156348106371,82.64156348106371,0.0,0.796838104724884,1.195836067199707,1.7224788665771484,perfect
73.41544257989989,73.41544257989989,0.0,0.9833499789237976,3.3575594425201416,1.8774449825286865,perfect
60.4068634089182,60.4068634089182,0.0,1.1877387762069702,5.782279372215271,2.034425735473633,perfect
52.16522429354144,52.16522429354144,0.0,1.2542620301246643,7.916419208049774,2.179861068725586,perfect
46.34966449520251,46.34966449520251,0.0,0.9063199162483215,8.9877188205719,2.4576902389526367,perfect
37.27270625516888,37.27270625516888,0.0,0.011557340621948242,11.207088828086853,3.3143341541290283,perfect
33.11954963846355,33.11954963846355,0.0,0.19164234399795532,12.134012579917908,3.2348692417144775,perfect
34.4901847700728,34.4901847700728,0.0,0.09127408266067505,11.073093116283417,3.2655179500579834,perfect
35.89477673162878,35.89477673162878,0.0,0.13589859008789062,10.97969263792038,3.3485889434814453,perfect
41.107002940850364,41.107002940850364,0.0,0.09938180446624756,10.148490965366364,3.369617462158203,perfect
51.27457503964791,51.27457503964791,0.0,0.560314953327179,8.377164602279663,3.121131658554077,perfect
57.88948761421355,57.88948761421355,0.0,1.1206001043319702,6.986898183822632,2.951192855834961,perfect
62.89238050184991,62.89238050184991,0.0,1.1663243174552917,6.090366840362549,2.681535482406616,perfect
72.14648738523415,72.14648738523415,0.0,0.9299933910369873,4.372274875640869,2.4446964263916016,perfect
77.9927887693213,77.9927887693213,0.0,0.8750736713409424,3.182658553123474,2.143394947052002,perfect
83.04220660972405,83.04220660972405,0.0,0.7943153381347656,2.0712345838546753,1.946324110031128,perfect
87.28706949964985,87.28706949964985,0.0,0.5905419588088989,1.0021835565567017,1.8133103847503662,perfect
89.65562563866375,89.65562563866375,0.0,0.42443275451660156,0.39468705654144287,1.7883002758026123,perfect
93.1423495822255,93.1423495822255,0.0,0.2803817391395569,-0.3559410572052002,1.8239915370941162,perfect
93.14769388850186,93.14769388850186,0.0,0.1454487442970276,-0.43325722217559814,1.9309461116790771,perfect
88.39645379328122,88.39645379328122,0.0,0.25171786546707153,0.44731199741363525,1.9091308116912842,perfect
77.4725626908121,77.4725626908121,0.0,0.4975244402885437,2.788028120994568,2.1435558795928955,perfect
67.01538158827023,67.01538158827023,0.0,0.7795542478561401,5.265799164772034,2.509927749633789,perfect
59.17785541320249,59.17785541320249,0.0,1.0791212320327759,6.893135607242584,2.7693629264831543,perfect
53.65781195568098,53.65781195568098,0.0,0.8450224995613098,8.056975901126862,2.71870493888855,perfect
46.87072482719479,46.87072482719479,0.0,0.2852112054824829,10.211983323097229,2.8494656085968018,perfect
41.1831150816401,41.1831150816401,0.0,0.6422631442546844,11.22056096792221,3.131943941116333,perfect
43.63079957543961,43.63079957543961,0.0,0.15025436878204346,8.19859504699707,2.951383590698242,perfect
38.20247201055956,38.20247201055956,0.0,0.4148438572883606,8.796735107898712,2.816891670227051,perfect
36.33248458910532,36.33248458910532,0.0,1.3367265462875366,10.239315032958984,2.9761552810668945,perfect
44.09081262403601,44.09081262403601,0.0,0.8465111255645752,11.297814548015594,3.267878293991089,perfect
46.86589113509564,46.86589113509564,0.0,0.008252263069152832,9.9774569272995,3.111332654953003,perfect
54.77630825120219,54.77630825120219,0.0,0.4340916872024536,8.302918076515198,2.403205633163452,perfect
60.24665672243096,60.24665672243096,0.0,0.6435856223106384,7.488721609115601,2.180361747741699,perfect
64.81304958877215,64.81304958877215,0.0,0.667966902256012,6.24643862247467,1.9113659858703613,perfect
70.5225762174077,70.5225762174077,0.0,0.5404055118560791,5.106329917907715,1.9514083862304688,perfect
75.88266890654873,75.88266890654873,0.0,0.5840808153152466,4.025830328464508,1.9387662410736084,perfect
83.32669071536095,83.32669071536095,0.0,0.6042957305908203,2.3864001035690308,1.8125474452972412,perfect
88.7100652623023,88.7100652623023,0.0,0.4719048738479614,1.0649323463439941,1.6927242279052734,perfect
92.90060488230992,92.90060488230992,0.0,0.424465537071228,0.21721422672271729,1.8310546875,perfect
98.31877165152207,98.31877165152207,0.0,0.634060800075531,-0.9156525135040283,1.8442511558532715,perfect
101.06558667326289,101.06558667326289,0.0,0.7836997509002686,-1.5886157751083374,1.7484068870544434,perfect
101.40258945725247,101.40258945725247,0.0,0.7202118635177612,-1.761367917060852,1.566404104232788,perfect
98.52026852623828,98.52026852623828,0.0,0.7559582591056824,-1.096111536026001,1.6057312488555908,perfect
86.87895843333463,86.87895843333463,0.0,0.6000757217407227,1.2138158082962036,1.5974164009094238,perfect
75.25732772781215,75.25732772781215,0.0,0.5788266658782959,3.610217571258545,1.9466400146484375,perfect
64.25847873247687,64.25847873247687,0.0,0.748521089553833,5.682794749736786,2.0908117294311523,perfect
56.48244602478876,56.48244602478876,0.0,1.0817959904670715,7.665784657001495,2.218008041381836,perfect
50.95618555112051,50.95618555112051,0.0,0.5008742213249207,9.215445816516876,2.472198009490967,perfect
43.05339711371755,43.05339711371755,0.0,0.11359602212905884,11.002977192401886,2.7932047843933105,perfect
40.21095837102237,40.21095837102237,0.0,0.9160615503787994,11.539298295974731,3.4564554691314697,perfect
30.963947833626452,30.963947833626452,0.0,1.0734923183918,11.258798837661743,3.294128179550171,perfect
34.06247956704731,34.06247956704731,0.0,1.0504141449928284,11.321927607059479,3.2893776893615723,perfect
32.50092855719076,32.50092855719076,0.0,0.6829597055912018,11.977890133857727,3.436833620071411,perfect
39.998146554788214,39.998146554788214,0.0,0.8088536560535431,11.944043636322021,3.639054298400879,perfect
46.89601065118795,46.89601065118795,0.0,0.4505276679992676,10.793225467205048,3.468775749206543,perfect
55.454565919517634,55.454565919517634,0.0,0.3062307834625244,8.579245209693909,3.053927421569824,perfect
58.15658567864144,58.15658567864144,0.0,0.3839850425720215,8.135952055454254,2.6766061782836914,perfect
64.4624551353915,64.4624551353915,0.0,0.6256774067878723,6.915342807769775,2.5808095932006836,perfect
71.88961223736224,71.88961223736224,0.0,0.6009280681610107,5.717295408248901,2.4468541145324707,perfect
78.15481098201187,78.15481098201187,0.0,0.6643593311309814,4.236924648284912,2.357184886932373,perfect
83.82564156030415,83.82564156030415,0.0,0.683845579624176,2.9231667518615723,2.18048095703125,perfect
88.063447122611,88.063447122611,0.0,0.5437597632408142,1.8450230360031128,2.0342886447906494,perfect
91.78280485267118,91.78280485267118,0.0,0.6517380475997925,1.1347413063049316,1.9814789295196533,perfect
93.76604895577923,93.76604895577923,0.0,0.6312549114227295,0.5859494209289551,1.9664525985717773,perfect
94.00967547635229,94.00967547635229,0.0,0.5769580602645874,0.4508674144744873,1.832890510559082,perfect
92.14896784213163,92.14896784213163,0.0,0.5619898438453674,0.7957130670547485,1.970750093460083,perfect
82.56092438257127,82.56092438257127,0.0,0.5610674619674683,2.6309221982955933,2.015817165374756,perfect
70.17797749559259,70.17797749559259,0.0,0.6000161170959473,5.352900922298431,2.2875308990478516,perfect
62.05273126862192,62.05273126862192,0.0,0.6510332226753235,7.6339587569236755,2.6597917079925537,perfect
55.0734810212639,55.0734810212639,0.0,0.5765274167060852,9.04301255941391,2.771174907684326,perfect
47.19478739801471,47.19478739801471,0.0,0.03206133842468262,10.686856508255005,3.003913164138794,perfect
38.05815774646915,38.05815774646915,0.0,1.1097162961959839,12.380170822143555,3.4689247608184814,perfect
37.84120576693212,37.84120576693212,0.0,1.2154750525951385,11.719448119401932,3.838062286376953,perfect
34.987884396714385,34.987884396714385,0.0,1.0912075638771057,12.617148458957672,3.995811939239502,perfect
34.82646777776285,34.82646777776285,0.0,1.2202709913253784,13.167716562747955,4.116994142532349,perfect
38.61487403095339,38.61487403095339,0.0,1.2117899954319,12.038982659578323,4.077792167663574,perfect
43.360972373243875,43.360972373243875,0.0,1.5613183379173279,11.833065003156662,3.982400894165039,perfect
47.12699317590207,47.12699317590207,0.0,0.30689537525177,10.806354880332947,3.1647682189941406,perfect
56.96647003028769,56.96647003028769,0.0,0.7194742560386658,8.809563517570496,2.8908908367156982,perfect
63.0373822905012,63.0373822905012,0.0,0.859573483467102,7.766039669513702,2.5096595287323,perfect
68.74160781468773,68.74160781468773,0.0,0.9455502033233643,6.486634910106659,2.496868371963501,perfect
75.7146047109743,75.7146047109743,0.0,0.8751332759857178,4.883198440074921,2.292656898498535,perfect
79.8235998384976,79.8235998384976,0.0,0.7833302021026611,3.873324394226074,2.1507859230041504,perfect
84.74409146876305,84.74409146876305,0.0,0.6170466542243958,2.809867262840271,1.9670069217681885,perfect
89.55532169769035,89.55532169769035,0.0,0.5944684147834778,1.7381876707077026,1.8332421779632568,perfect
94.07323426902917,94.07323426902917,0.0,0.5272507667541504,0.7841795682907104,1.831960678100586,perfect
97.07835774453818,97.07835774453818,0.0,0.636795163154602,0.07262527942657471,1.8905043601989746,perfect
