171.19176431633824,176.68519889611636,11.95370829413893,5.493434579778125,4.974314570426941,144.78553306561443,bad
174.1381071117672,179.70311717080253,17.826801167423866,5.56501005903533,3.0340254306793213,138.25820892303616,bad
175.86381077640837,170.85445412988406,43.0348115090528,5.00935664652431,2.826237678527832,123.45009925985441,bad
171.80651154114022,171.5810931486786,45.06057554276815,0.22541839246162,2.729204297065735,130.04776245640488,bad
169.2568706183789,175.9647953989641,31.307713385024602,6.707924780585188,3.4635335206985474,129.88438461770696,bad
168.4499209415936,178.7874640597701,29.764075912266136,10.337543118176484,3.9075523614883423,128.02529758919897,bad
170.3151819508958,178.54126365517476,43.65662714070708,8.226081704278954,2.688324451446533,126.0332943282125,bad
169.08813999067823,178.8406751548026,49.85130140164204,9.752535164124367,0.622183084487915,126.35316761503252,bad
168.13731856211334,177.42437506577323,62.776718541890844,9.287056503659898,0.29050707817077637,130.4549998543462,bad
167.25565558293334,173.61530757297712,82.44281082918071,6.359651990043773,0.6104171276092529,135.54973143114555,bad
168.32517049425067,174.5768441922193,18.93530798732784,6.251673697968641,4.486235976219177,122.46513195247853,bad
164.56303026792068,171.7222118284956,144.7866594347554,7.159181560574922,6.343019008636475,125.54224899414801,bad
155.01955665199742,162.93255092864504,169.54438243502577,7.912994276647623,7.595431804656982,129.14133977928964,bad
146.53549705679515,151.81134106256815,158.38375288373098,5.275844005772996,7.168653607368469,129.57545993094263,bad
136.36646628572782,141.3492118596457,160.45406733957623,4.982745573917867,6.721892952919006,129.69414665572535,bad
126.42223720338527,132.7957227471631,30.258588262714415,6.373485543777832,6.191807985305786,132.05667467641823,bad
128.9211993282094,133.95763937276365,48.183991537610034,5.03644004455424,5.779844522476196,132.68211825004153,bad
140.80268810407102,142.455209179021,167.45512750080098,1.6525210749499877,6.8979412317276,128.53642414493433,bad
150.83202955758904,154.99740478716188,151.7155914231979,4.165375229572845,7.178333401679993,127.94965995651116,bad
158.937238188043,165.29270456178838,170.40701437558488,6.355466373745372,7.501643896102905,128.29857859370736,bad
164.3472393973347,171.8095529058845,106.5735258082551,7.462313508549784,7.9215556383132935,125.79855667637845,bad
168.327497063041,176.70546892992357,143.32684840161744,8.377971866882575,7.108834385871887,125.51129970389165,bad
168.83865156358098,178.41466111505474,6.333901971069563,9.57600955147376,6.09680712223053,127.68570304967568,bad
169.22641995653927,178.33460136519912,139.85603549824745,9.108181408659846,6.07488751411438,128.31624134383875,bad
169.38902237240734,177.38551868692699,134.35271353535907,7.996496314519646,6.165188550949097,127.82942899934164,bad
165.20590491869584,173.9324670731355,144.18967864069907,8.726562154439677,6.498053669929504,128.83939029043506,bad
159.53745402671586,166.62303886389373,175.66803587915683,7.085584837177862,7.514941692352295,129.97527920981454,bad
153.41368221469028,160.22337238323635,152.51840634403865,6.809690168546069,6.658986210823059,129.50472221869458,bad
146.3257682531025,155.7444029433421,152.10296276912476,9.4186346902396,6.257399916648865,129.09783222848012,bad
140.58250294130835,152.91468429485874,152.5218528259233,12.332181353550396,5.802616477012634,126.74073291854886,bad
142.27516645763293,152.9466459605507,163.26681257297435,10.671479502917776,6.254160404205322,125.19905973851537,bad
147.6119958218491,155.92797351408484,170.298897757995,8.315977692235748,6.979894638061523,124.66899282135462,bad
155.74830299609405,161.41828275491363,124.31877287033504,5.669979758819579,6.909370422363281,124.60075885931599,bad
161.2452343516031,170.80365179356875,35.54867233791524,9.558417441965645,7.394388318061829,125.31456186233729,bad
165.20080716211947,175.21073417354071,53.63701817393681,10.00992701142124,6.612685322761536,126.84777438381272,bad
165.67865713014385,175.41793166870292,96.0943080292531,9.739274538559073,6.891545653343201,128.19223778146232,bad
166.03424212512508,174.86081464215818,158.59139705410237,8.8265725170331,6.695389747619629,128.4492608801382,bad
163.62023467693828,171.26023594952002,158.00171261392381,7.640001272581742,7.007816433906555,127.95597998270307,bad
161.69093918669583,166.5866811409298,172.0455995755292,4.8957419542339835,8.280277252197266,127.27188206127418,bad
157.56150128401788,162.2874985089527,149.1676674919492,4.725997224934815,7.934284210205078,129.70332930540042,bad
154.88544633079403,161.6780304146895,163.1054903708899,6.792584083895463,7.932591438293457,129.1836214858177,bad
158.22483679793248,167.02332205960016,179.94687073714812,8.798485261667679,7.762938737869263,127.18376087997339,bad
166.38254452283238,176.0995886250325,179.0871537006855,9.717044102200134,6.542125344276428,126.95515705265501,bad
169.95690158718602,179.46850726879748,140.0686252542533,9.511605681611456,5.5266112089157104,128.39854509520234,bad
172.53919596716642,178.0852883126755,149.04292164066058,5.5460923455090665,5.675593018531799,127.37074659428768,bad
173.89526884221254,176.8809394176217,145.42685927398344,2.9856705754091593,5.311903357505798,129.02556187493832,bad
174.5309764886676,176.7705095700058,141.64909407839346,2.239533081338209,5.345958471298218,129.25329918747673,bad
170.92970673059656,179.24438193656493,145.04698462832008,8.31467520596837,5.384945869445801,129.78688609081712,bad
163.311919250873,169.92954493259074,141.87797834561246,6.617625681717755,6.055441498756409,129.52279597075258,bad
157.39545812799236,163.93847491824025,153.46767873932566,6.54301679024789,5.3166598081588745,129.7292473058295,bad
150.91382042063816,157.17498484123377,173.77559216308515,6.261164420595605,5.041584372520447,130.7091213794208,bad
145.41207190004556,151.29062622653038,176.69593033921137,5.878554326484817,5.1629990339279175,128.92450555891776,bad
145.1945710673532,151.40154895577018,162.66749274092322,6.206977888416986,6.516730785369873,126.60585648673629,bad
150.25575447514268,156.79786519164466,174.85930081066408,6.5421107165019805,7.7144622802734375,126.03152552301262,bad
160.4966881779008,166.05398847222327,49.62245901311018,5.557300294322459,7.170626521110535,125.50829935624623,bad
167.28698314202518,176.0250690013194,155.40224213211428,8.738085859294216,6.509795784950256,125.46029980646354,bad
172.54863049132277,178.13992074286938,135.65123287750598,5.59129025154661,5.215191841125488,126.17296642256164,bad
174.93623386862984,174.37491706642723,139.8096096758834,0.5613168022026116,4.748827219009399,129.1552468702011,bad
174.61642275299695,174.14195769894795,141.13897608816433,0.47446505404900563,4.73671555519104,129.41838515907193,bad
174.13891628566068,174.8633438943378,138.1703131292022,0.7244276086771038,4.613932967185974,129.93932528950577,bad
171.23691052360442,179.45676449157338,137.40705161037835,8.219853967968959,5.327033996582031,127.55945505266592,bad
164.5031110528672,170.32497248692204,143.7432874164015,5.821861434054824,5.629447102546692,128.16360547588462,bad
159.23762519592037,164.4386865101612,153.28202593062008,5.201061314240832,6.250008940696716,131.19026601045945,bad
154.59509844296295,157.47109931248283,156.13093600780115,2.876000869519885,6.4561814069747925,130.29776761567777,bad
151.05878186691373,153.63794088649263,159.6114219792061,2.5791590195788956,6.0652852058410645,130.29105980303243,bad
150.20559192213153,152.33711762520164,164.35831883593048,2.1315257030701105,6.878995895385742,129.3677892009484,bad
153.9058639890409,160.13802308736058,168.67069989759332,6.23215909831967,8.004927635192871,127.5837006428957,bad
162.14999353452382,167.8794471491716,178.84092169361531,5.729453614647781,7.708263397216797,126.33458638766942,bad
168.6289875877534,175.59100736212872,177.88511088059263,6.962019774375335,6.155779957771301,126.22096089633912,bad
172.6384558386139,178.90184562605313,140.6245849764849,6.263389787439223,5.086851119995117,127.57295726058527,bad
173.81018495279775,175.84788479480804,145.48371305101898,2.0376998420102836,5.622357130050659,128.53040540506012,bad
174.12779248447126,176.49040803541425,140.60805054579183,2.3626155509429907,5.0781697034835815,130.0118723425236,bad
174.38424226222602,176.33424536703401,139.20209413632583,1.9500031048079904,5.101698637008667,128.79513416637604,bad
169.90238580398815,178.0404983789542,146.65525097045676,8.138112574966044,5.57180643081665,127.84048554253093,bad
163.62542368576095,169.7642827201855,146.0185411786418,6.1388590344245415,6.334194540977478,128.10482057348526,bad
159.6182410910958,164.76101750460896,153.94477671496114,5.142776413513161,6.495830416679382,129.5040393850534,bad
155.5915801763955,157.27669610032706,170.62815286381903,1.685115923931562,7.022926211357117,130.28020719191943,bad
150.60874879675774,152.33678877551404,174.1660727439417,1.7280399787562999,6.644755601882935,129.31522844427826,bad
148.7240268612464,153.14634392850758,178.27956782319717,4.42231706726119,7.143998146057129,126.20091981525067,bad
151.01097549433217,156.32793301221298,89.0485685271541,5.316957517880809,7.6050132513046265,125.94240056726198,bad
158.84104678189834,162.56283519749363,155.91759853954864,3.7217884155952845,7.606670260429382,125.89390333208601,bad
166.80365142499423,174.00003324185442,43.38161208563235,7.196381816860196,7.471013069152832,126.23231841572975,bad
171.1782873223943,179.5122490920408,6.7890529638786115,8.333961769646493,6.157618761062622,126.53738884735239,bad
173.2436821848156,177.3901710845952,132.28339483591176,4.146488899779598,5.7269275188446045,128.7541970395665,bad
173.79116069258583,176.9139396885179,134.56024258446777,3.122778995932066,5.874544382095337,130.79978189319425,bad
173.14614332185081,177.66406326999947,140.54633805469157,4.517919948148659,6.0812801122665405,131.16131619972228,bad
170.07498947903179,177.33988014822205,135.8685048722166,7.264890669190265,6.341502070426941,127.61601172623243,bad
164.4962561593701,169.6547230092505,157.5243529293767,5.158466849880398,7.013550400733948,126.97246291536761,bad
158.50800211605895,161.61502897267425,161.57567762090946,3.107026856615306,7.599648833274841,129.1908430318108,bad
153.27316312203428,156.41485107535595,160.9070827334852,3.1416879533216786,6.978905200958252,130.9589200355094,bad
151.27114141871806,152.6481756596829,161.16150412416204,1.3770342409648322,7.362523674964905,129.32261921310877,bad
152.13993487794613,154.89622207585634,171.00227333982664,2.7562871979102113,7.786491513252258,126.57470368272041,bad
164.35183873609316,168.95287205598527,148.32809578371226,4.60103331989211,7.359999418258667,124.95683751384632,bad
170.6906161065359,176.70877387675935,143.7908167189048,6.018157770223439,5.826970934867859,124.74230048307014,bad
173.90965061971752,178.37107874465838,139.1743125308049,4.461428124940852,4.506096243858337,125.70635397895596,bad
174.2425439737225,177.7041749927025,133.58341968548805,3.4616310189800004,3.892219066619873,126.59087893900124,bad
174.60718146907547,177.37909051724074,131.92682786182814,2.77190904816527,3.9896726608276367,128.34209506434618,bad
175.21311523054385,177.42478502594082,132.06556101979325,2.211669795396972,4.243162274360657,127.83865591437878,bad
174.08589317240424,178.17510393188851,136.40006201834254,4.089210759484274,4.4676274061203,129.5854974792486,bad
171.06022936175765,178.95637229817535,138.58839938232992,7.896142936417704,5.303189158439636,130.0309218531706,bad
168.1698744137301,175.45766538362338,145.35856897543644,7.28779096989328,6.060662865638733,128.96192218963338,bad
165.27718102792116,171.9684524782918,160.46966290257728,6.691271450370635,7.231622934341431,128.08407551710923,bad
161.77082320488577,164.74992227245195,176.3441388910611,2.9790990675661817,8.31192135810852,128.20909516816658,bad
158.17886988865422,158.85519645020136,176.17072044643285,0.6763265615471425,8.877217769622803,128.19787924370974,bad
153.48086831591507,157.15562753783897,178.4000683910778,3.6747592219238925,8.1667959690094,125.16609953162924,bad
152.35474297707896,156.42095629374697,176.13788596307518,4.066213316668012,8.233588933944702,124.5432246295183,bad
154.95482289172753,158.1717135683354,171.2424712608827,3.216890676607875,7.387638092041016,124.22367538551318,bad
161.57503430910958,167.3279525631069,92.79492141621351,5.752918253997308,7.030746340751648,123.70981951314303,bad
169.79669665791488,179.68473094815445,100.25176685691326,9.888034290239574,6.943783164024353,124.10737028147567,bad
173.65868719720686,175.90593330883334,139.68478352480304,2.247246111626481,6.101423501968384,124.25944188839819,bad
172.6061064621644,176.80603043568993,139.78329441077653,4.199923973525529,6.0044556856155396,126.6774681153431,bad
172.11746950525023,172.3410789427165,136.8347043371723,0.22360943746627981,6.185781955718994,130.16912524198602,good
160.56087077435018,162.25758676072005,152.06565791295705,1.6967159863698669,6.514444947242737,128.24785309979288,good
149.30138154950373,149.80520182761487,148.9624125496503,0.5038202781111352,6.139427423477173,130.98293452131472,good
151.01374112055578,149.99796176345663,163.29211925809597,1.0157793570991487,6.771674752235413,130.33825907023046,good
155.04442835477633,153.07083979347715,83.84198146219936,1.9735885612991808,7.933107018470764,129.76391483621566,good
158.29879100341887,156.20687741415503,69.0776734509815,2.0919135892638394,6.94141685962677,129.1661844390556,good
157.12070488102825,154.70891571964265,178.6002601728286,2.411789161385599,6.9724440574646,128.87210881489582,good
151.9138830498979,147.90603094692787,173.57936825483102,4.00785210297002,6.3214510679244995,129.99602072929414,good
142.3019490196509,136.90257099050024,164.57963783420604,5.399378029150654,5.8762311935424805,131.7961589632469,good
128.20333651150284,120.92421621030081,51.03182433503876,7.279120301202028,1.4005303382873535,132.69606084726988,good
106.76778158740282,101.15671355278647,118.54286788912862,5.611068034616352,1.527509093284607,128.73926284856137,good
95.3434373465675,88.09611951573207,134.26937725800227,7.247317830835428,3.033304214477539,127.27848386039852,good
91.75004628673196,77.23676595203325,109.884308954356,14.513280334698706,1.6032516956329346,128.6857102078273,good
98.9996799583036,94.65356094167596,108.38585113548265,4.3461190166276396,1.5796273946762085,133.96030378944258,good
122.26456152286707,115.92976662573645,60.87507157388151,6.334794897130621,1.274263858795166,135.31345004430517,good
136.6002178683504,132.66260834211982,39.39049752494949,3.937609526230574,4.25821840763092,134.2440749162742,good
145.1435611021464,142.29697718587232,155.2816487596155,2.846583916274085,6.383487582206726,131.5643230855819,good
150.21029355390772,148.4844164454546,155.17714437789354,1.725877108453119,6.670156121253967,130.72425856374952,good
153.25555840446364,153.39981179923302,146.9502616011779,0.14425339476937893,5.704143643379211,129.83566113919477,good
155.70335181095314,157.33605426950228,163.41025823335323,1.6327024585491472,6.6721707582473755,129.4164921970026,good
160.08423720399372,160.70367411227167,95.82452465664666,0.6194369082779474,6.9345831871032715,127.59226449204297,good
163.27046159252228,162.93211189492212,47.774912839042706,0.3383496976001652,6.929486989974976,127.91188321645075,good
163.70014918211317,164.68728537315533,50.96782007680857,0.9871361910421683,6.493574380874634,128.062025229249,good
163.07815446012302,163.6275947892495,40.061910399564866,0.5494403291264973,8.57730507850647,127.36623633904884,good
157.11988517827166,159.9168460099754,65.45628194034877,2.7969608317037284,7.792353630065918,127.81505064979117,good
153.35103502404945,156.18073625931848,98.58127500759224,2.8297012352690274,7.685256004333496,127.96382514827496,good
149.8537644161514,153.31792251255416,57.22145043259532,3.4641580964027696,7.313546538352966,129.10024878424412,good
147.7528784831452,148.58182995411048,108.91169932106907,0.8289514709652792,6.901520490646362,129.5656603095047,good
143.23035320970115,140.84823214743835,152.74744962780147,2.3821210622627973,6.1806172132492065,129.9416191532938,good
138.46150847392218,134.6506579877301,157.63844317948744,3.8108504861920665,5.82425594329834,132.91543703965533,good
128.3945825570902,130.43498752649384,45.6832478899063,2.040404969403653,0.9211987257003784,133.577570974391,good
120.29795002884777,111.8282140478499,87.80390333457655,8.469735980997868,2.147391438484192,133.62769994826724,good
109.33001109349328,99.76275441645865,152.93606158195138,9.567256677034635,0.9848296642303467,134.31257570086797,good
104.88568648087778,96.8542309514871,102.19734280206282,8.031455529390684,0.6584852933883667,132.32542697580203,good
97.9298817529542,90.76801781342122,122.62810514813722,7.161863939532978,3.075018525123596,133.69234256376114,good
103.57233237520273,100.3475114769143,107.4144977441607,3.224820898288428,3.236779570579529,137.7942783304381,good
124.96499528146583,115.96645863551763,108.88056182675913,8.998536645948207,2.162855863571167,139.1698966521693,good
141.32151936086217,137.0569787099914,126.57034289802048,4.264540650870771,3.043752908706665,136.59779402165972,good
147.91922834085887,146.11824561133616,172.5106522702338,1.8009827295227012,5.638396739959717,134.41559692597514,good
151.72151682225802,150.39812187031933,120.66877218878025,1.3233949519386954,5.524742603302002,134.28643642478585,good
155.8501998379815,156.7928861652053,70.66944479402684,0.9426863272237824,6.541356444358826,133.21955077293273,good
156.99116630750004,158.4933596752607,117.90626213136339,1.5021933677606683,6.385129690170288,131.49274969242578,good
156.8843901449789,158.92797148956092,116.66361716001569,2.043581344582009,6.370952725410461,131.28959053116728,good
157.22814902493894,159.2519611745578,74.61778563674277,2.0238121496188626,7.28420615196228,130.10007184907596,good
156.99762174881607,159.4859658027117,99.42986825853882,2.4883440538956165,7.485485076904297,129.04831449641472,good
154.2375556075228,154.98717095854116,135.55141086181925,0.749615351018349,8.55850875377655,128.9440490075623,good
147.6431907456548,145.13987799882054,171.47726267617003,2.5033127468342684,6.703251600265503,128.985017276641,good
143.18263818732538,138.3831066945026,170.94036351032182,4.79953149282278,7.1144938468933105,131.4666991062388,good
136.17705696494318,130.15830023654314,166.3377885725421,6.018756728400035,5.11745810508728,133.30459611162087,good
125.89583628588207,120.09924819868237,31.566877276770906,5.796588087199694,1.638484001159668,132.59693680033612,good
116.33871290441354,111.89483027208584,28.52159646321812,4.4438826323277,0.5142301321029663,131.89285340927952,good
112.46705130612955,110.53794667416015,14.614636871130264,1.9291046319693947,0.6008893251419067,130.4406664212048,good
110.40363400256649,103.0095723004961,2.8895146734462203,7.394061702070388,0.18441975116729736,131.55381276254175,good
109.77826644037103,101.18933353677768,28.381019616481844,8.588932903593346,0.43431222438812256,131.7738438101838,good
119.41906911148132,111.11955191281554,93.10008336578922,8.299517198665782,0.5479484796524048,132.4785123694627,good
132.99132332601678,132.2260644895953,117.05461409963257,0.7652588364214807,4.060578346252441,132.61334302794435,good
147.19855679901335,144.13785394628803,155.48372686165223,3.0607028527253135,7.249245047569275,129.34768210427748,good
153.20916485830978,153.28239267044148,166.90456142032141,0.07322781213170515,6.42133355140686,125.62309041032616,good
154.57342596312967,157.87256199423373,140.64046764524238,3.2991360311040694,6.600308418273926,124.66733902825236,good
155.68127201685735,159.23998246881968,113.45421206115037,3.5587104519623267,6.595584750175476,126.1087357329591,good
156.91428710457433,160.7464517602776,163.88113705439005,3.8321646557032807,6.910157203674316,126.38632914483559,good
158.4233815117257,161.986857739345,127.18083337422232,3.5634762276193044,6.564509868621826,126.51582258851309,good
157.28053186209385,160.5417196881372,71.933094930516,3.26118782604334,8.044430613517761,126.27860623063603,good
150.82216784789316,153.68849241219516,117.19983698047315,2.8663245643020048,6.834143400192261,126.40567640788785,good
146.60171575795104,147.0930498429043,157.97160084547394,0.4913340849532517,6.288689374923706,127.88889196458601,good
143.4694470486335,141.7899791034622,153.33872945477603,1.6794679451712966,6.27707839012146,129.2708708755595,good
135.7259512209381,136.0351419715735,137.82339633625608,0.3091907506353948,4.371196031570435,132.8508465957023,good
127.71108097708586,128.40173240121194,64.23721719592918,0.6906514241260879,2.2479355335235596,132.239345201093,good
122.59895361084833,118.1826418947965,2.145458029615472,4.416311716051823,1.5105605125427246,133.5851793371829,good
111.55155551586338,103.4863402508778,77.06577469280346,8.065215264985582,0.8448362350463867,133.14271607987806,good
107.01932707058788,93.42825460037504,38.79672559305186,13.591072470212836,1.9387811422348022,131.5978756459227,good
100.20574744920106,88.63923802499771,136.26273747921263,11.566509424203346,2.9913097620010376,133.52358044055907,good
100.29922434734607,95.60266015901286,142.0836485498601,4.6965641883332125,2.4801433086395264,137.2183275243416,good
119.97444982993963,112.36325196806641,5.2328993057171544,7.611197861873222,2.28196382522583,135.1059638503366,good
130.2785366952823,123.32490877230194,102.26931837610212,6.95362792298036,2.308616042137146,134.52775762032527,good
138.4198179315667,132.26058723242218,126.38513040705772,6.15923069914453,3.7508726119995117,134.88004805451433,good
147.1711427685576,143.25064491052478,153.82044125874387,3.920497858032803,7.475879788398743,130.15191448927368,good
149.34327405786811,151.25882721803276,151.35367323237185,1.9155531601646487,7.05130398273468,127.93123536902435,good
155.0724451884783,157.9168378117154,105.25912469985727,2.8443926232370984,7.198628783226013,127.41962480925466,good
156.8005453257643,159.0709633481807,101.82504675175157,2.2704180224164077,7.01255202293396,128.11443600720355,good
159.24550726992987,159.3910579679844,47.65441341867307,0.14555069805453513,7.527682185173035,128.42715928670728,good
160.48693129923677,159.44496095915062,59.05323403818506,1.0419703400861522,7.4125707149505615,129.36166149318623,good
159.25325949114045,157.37350808543968,113.44975641877852,1.8797514057007731,8.58176052570343,128.83364200500074,good
153.9053270433531,151.03695452801395,100.80039698405159,2.8683725153391606,8.022117614746094,127.70660592710519,good
148.55856811986735,144.59076587094927,151.38442984959434,3.967802248918076,7.624030113220215,127.60152157232486,good
142.46671774164057,135.25557000143704,169.581557319601,7.211147740203529,7.4084848165512085,130.76961335269104,good
130.99371833911047,122.33094387759297,71.01290277314254,8.6627744615175,2.33326256275177,132.22248531885253,good
114.98644710265228,102.22217600842527,70.03583883802304,12.764271094227013,0.8071690797805786,132.1861574216162,good
103.43549519071047,94.41540973896193,107.14596043905836,9.020085451748542,1.8056124448776245,130.82892294863854,good
93.440038880786,87.65859157718384,125.72169744559493,5.781447303602164,3.066566586494446,131.4854175663094,good
90.64325066382338,84.46949497277507,130.3714000318053,6.173755691048314,3.216099739074707,131.41495800486027,good
95.21510656862586,85.24948321761637,152.4834532320942,9.965623351009484,3.516438603401184,130.56621240257587,good
108.17747349902237,98.73596885811088,133.87911567974098,9.44150464091149,1.9859910011291504,131.46820301438785,good
122.11771279415629,109.61904589293923,8.83510777737668,12.498666901217064,2.21538245677948,132.3667195250697,good
135.03161146184485,129.24588448929256,15.035462843150086,5.785726972552283,5.019795894622803,131.9431663699255,good
143.1584429514842,139.93280471572032,49.91365106531505,3.2256382357638813,6.982555985450745,130.04675364326866,good
152.12948518303352,149.73191895528427,152.46866274148508,2.3975662277492518,6.7788392305374146,126.68824251061454,good
154.01840559717166,156.43037039698314,147.7653869105709,2.4119647998114715,6.555888056755066,126.7255877498809,good
157.1451159635031,157.8811267531053,61.915616415317665,0.7360107896022043,6.960853934288025,127.65928498324888,good
158.4761363192584,159.27742091560427,53.51413284370033,0.8012845963458801,7.078978419303894,127.76747460806186,good
158.15773166022444,158.84084548654621,53.832555967958726,0.6831138263217724,7.527860999107361,128.6849975859158,good
153.67806328140213,154.73168702508107,53.97793570007402,1.0536237436789406,7.485419511795044,127.84898372723296,good
149.89615887355217,146.79173141484267,174.76552606071053,3.1044274587094947,7.594379782676697,126.2366111215149,good
144.07013279361126,138.47355321794706,167.38670692695723,5.596579575664208,6.519562005996704,127.41998513758817,good
135.64021793190386,131.45066904339137,27.718214584086255,4.1895488885124905,5.971518158912659,130.84106445307725,good
129.95237121844147,126.35953263048182,43.890767617520744,3.5928385879596476,2.7884483337402344,130.62710994166966,good
128.5733418798951,129.8699348850954,85.81656420829313,1.2965930052002932,3.057742118835449,127.46921856417828,good
135.93707510268982,135.7648390441393,37.3244162727047,0.17223605855051005,6.350448727607727,130.9819102614513,good
144.84121505004646,143.5280820457927,43.64508213266987,1.313133004253757,6.879109144210815,128.59618608808262,good
149.31590620772516,148.93204440355376,40.707713970048964,0.3838618041714028,5.748051404953003,125.77839683852645,good
155.91108807402915,152.49522928378823,174.80837966390644,3.415858790240918,6.342577934265137,124.30082927048088,good
160.88367234838645,164.19251979343122,17.587140917200063,3.308847445044762,5.294337868690491,127.57847065102077,perfect
157.01328505017932,161.37219756884667,50.4957895782131,4.358912518667353,3.0142903327941895,127.45952773567029,perfect
149.5603407250775,156.85752858333584,67.522552767345,7.297187858258326,0.3813713788986206,126.97922316182529,perfect
136.23833075117315,140.43579254654426,36.53117605047079,4.197461795371112,2.9455214738845825,124.60731968239091,perfect
122.43207695452611,125.29833088004862,155.12270270748886,2.866253925522514,1.9753694534301758,128.4728561628715,perfect
117.0889505423909,125.76032740532183,149.71066278225993,8.671376862930927,2.643841505050659,130.82635554975778,perfect
102.56200357387894,102.81844203890026,167.94924350057605,0.2564384650213185,3.1181037425994873,133.63851012768313,perfect
86.65589081505777,78.26885174386918,128.1044194891666,8.387039071188596,5.476608872413635,135.23516116308488,perfect
80.17847680110462,62.320907231710386,142.3791874014908,17.857569569394236,5.209407210350037,139.55799201515572,perfect
69.65282120924674,61.30818861806304,149.1585796012974,8.344632591183696,5.083411931991577,140.86492955185707,perfect
51.25830732995483,41.36499462829596,153.45583822350144,9.893312701658871,4.489481449127197,140.38191299222365,perfect
58.83578550830408,31.10745279053843,154.11798457334044,27.728332717765646,4.576119780540466,133.733745107017,perfect
29.157021824072704,25.766831018894106,157.78730214492606,3.390190805178598,5.657681822776794,125.32001737032475,perfect
21.703181382364434,36.41860124572998,154.3052044936891,14.715419863365547,5.798810720443726,123.11389859162205,perfect
23.199447585923497,24.5735517559835,158.72880598066567,1.3741041700600043,6.623229384422302,121.02400055372303,perfect
34.84598278290017,39.03753969185815,153.1513412636347,4.191556908957978,5.971881747245789,121.13824076053872,perfect
39.345472630033306,41.26819675467798,142.96341873956783,1.9227241246446738,5.808848142623901,120.59737991474091,perfect
57.070726608919124,49.81192702074323,149.90881859748728,7.258799588175897,5.871081352233887,120.04162576528354,perfect
78.7450590425243,68.63726127956906,148.9899510714643,10.107797762955244,5.367514491081238,122.52242187137341,perfect
98.57808923196689,99.9675433991766,177.53342219171756,1.3894541672097205,4.3554991483688354,129.69837068561915,perfect
109.69971301807217,106.932295487924,78.21832094626167,2.7674175301481796,2.165842056274414,133.04050068832547,perfect
117.03538898593439,109.10064414500674,3.231351054013291,7.9347448409276495,0.02778768539428711,133.9860060302775,perfect
115.75265095112906,109.66336518683798,24.057768466698192,6.089285764291077,0.7933199405670166,134.30469190762696,perfect
96.90222698610216,93.94699547502086,76.68264961492838,2.9552315110813083,2.8102725744247437,135.8942717627366,perfect
94.09846963568344,83.86108492980034,59.46316464891974,10.237384705883102,3.772035241127014,137.3663644842026,perfect
83.12888154971074,88.09860207848334,144.39889593051842,4.969720528772598,4.749074578285217,139.13561809426562,perfect
55.63216884462676,39.018947739852685,155.0541700368426,16.613221104774077,5.750411748886108,139.6504960476597,perfect
54.987278128096904,35.26990096743709,152.96840221798467,19.717377160659815,5.018603801727295,137.19242663737163,perfect
38.56826277102605,24.61836286606652,158.41381196070373,13.94989990495953,5.743664503097534,126.09584631229444,perfect
21.18862820286808,26.57547398562394,160.82478738678722,5.386845782755859,6.134456396102905,124.51777139936281,perfect
23.497736148701588,39.02250224460272,158.4085056141942,15.524766095901132,5.847993493080139,122.09563857456405,perfect
29.831132775471353,26.257161098020532,159.916384426339,3.573971677450821,6.848999857902527,121.84116014998321,perfect
37.404233464719546,40.66552594442403,148.21427982834444,3.261292479704487,5.831432342529297,123.0024740029519,perfect
50.29189540935385,48.76212111007323,149.16646913471962,1.5297742992806178,6.539836525917053,120.4060486883118,perfect
79.31236677086326,75.67389085305811,164.88914925638196,3.6384759178051524,5.482059717178345,122.24209555961929,perfect
109.6489549311718,112.63999555293927,61.715556000597346,2.9910406217674677,2.5640636682510376,126.85894829822146,perfect
133.4886073257215,128.96235412954312,88.03528779622413,4.526253196178374,0.989791750907898,127.81743830192876,perfect
146.02466028984776,140.84657692031533,122.98400352925113,5.17808336953243,2.68099308013916,126.1790161033319,perfect
142.26627710132178,138.42391678786703,108.38421016867731,3.8423603134547477,0.9071975946426392,125.2599426070698,perfect
123.3317393868031,122.70582184688152,73.31355648984356,0.6259175399215735,2.5524109601974487,130.31340381941928,perfect
95.61236884367207,94.85713750915814,112.89156807952206,0.7552313345139368,2.844986319541931,130.6129401865559,perfect
81.98269177063833,72.78588078573539,172.69100748285123,9.196810984902939,5.187416076660156,129.21348206842987,perfect
74.44299538069905,58.06889689459341,142.59398738411986,16.374098486105638,4.459753632545471,138.49945541659312,perfect
68.42244562026744,38.15045406136463,151.1679552126185,30.271991558902812,4.90795373916626,140.26803317799929,perfect
60.3969696340981,35.84280917311625,154.36948259830115,24.554160460981848,5.103969573974609,135.36614873523962,perfect
37.26761591718109,29.442618405769203,154.7843026233102,7.824997511411887,5.194461345672607,134.85056683772245,perfect
46.94532694594719,29.491192979237695,152.14828101294123,17.45413396670949,5.331021547317505,129.66686102731074,perfect
59.800718894989316,33.40708035829476,145.79979146922972,26.393638536694553,4.487806558609009,129.70427146278465,perfect
54.425038187029486,44.686327324005994,142.1173927323188,9.738710863023492,5.000004172325134,128.24707104446026,perfect
83.73158817596521,66.92659280061143,132.85422816282752,16.804995375353784,3.8288891315460205,130.57743642293445,perfect
98.41556700069594,91.31755961567833,72.87457872011588,7.09800738501761,2.6399999856948853,134.56410502335999,perfect
113.98368084360521,108.55727970424437,19.19397573186245,5.4264011393608484,0.4824340343475342,135.81791451010983,perfect
124.18786528339737,124.70361451924124,65.77594258002402,0.5157492358438702,1.4632344245910645,134.71721913754854,perfect
125.16727972697686,126.76962656173652,110.04295762063727,1.6023468347596577,2.3590654134750366,131.83727499578998,perfect
121.0095310058411,121.44303314134302,95.10403115257498,0.43350213550192507,1.9306570291519165,133.1074150050268,perfect
100.57369611107788,98.24032686228072,4.886674688334733,2.3333692487971547,0.26694536209106445,134.21378934950278,perfect
85.78029829865812,82.78162190030386,35.752529338622274,2.998676398354263,3.4103453159332275,134.8426342722042,perfect
79.4808206389634,63.50832719136575,144.44879176628393,15.972493447597643,4.5367419719696045,140.84450822862172,perfect
53.90028841254607,41.17310674113353,158.64614383950686,12.727181671412538,5.193018913269043,143.48635125058087,perfect
47.36920942696222,36.774171158861606,153.54859450546073,10.595038268100616,4.571071267127991,138.46698385788338,perfect
40.730181435195846,32.582845561733734,151.08860926443975,8.147335873462112,4.353731870651245,137.97781232124785,perfect
50.26248551821869,27.36464265005042,156.2758300850671,22.89784286816827,4.7775328159332275,132.40161318982302,perfect
36.918272083114545,25.05073075555113,151.7927527204989,11.867541327563416,5.367547273635864,124.92425119794288,perfect
37.99425554336628,32.44764458648844,145.13696941870785,5.546610956877842,4.4189125299453735,125.57820138598301,perfect
52.066808379129235,48.32933948227867,139.28756017103373,3.737468896850565,4.984483122825623,127.72814846560345,perfect
74.58076984198716,67.72700912555888,145.70753431145693,6.853760716428283,5.616548657417297,126.57839946158278,perfect
104.96050335105923,97.07846064998121,158.16005349038136,7.882042701078021,4.959532618522644,133.77621383364624,perfect
115.48905526839124,109.08172253987638,64.91629280821893,6.407332728514859,4.261896014213562,133.1676455322084,perfect
120.76762855301189,117.21170288674504,50.848057214280786,3.5559256662668446,3.857448697090149,131.81740086099288,perfect
121.17839934864193,116.87465181977156,44.91131856864638,4.303747528870375,4.265853762626648,131.37302243862848,perfect
112.69765469271553,108.29926455655888,54.46328484516862,4.3983901361566495,5.158734321594238,133.9483588489299,perfect
92.26358863081322,74.68442197938872,160.52849359568685,17.5791666514245,6.386330723762512,136.19659105755005,perfect
106.58194943030466,121.09244614003688,162.00715762214668,14.510496709732223,6.394699215888977,143.22108865245434,perfect
84.37832101800024,96.22032050667964,147.31346558453671,11.841999488679406,4.249858856201172,152.91971203568497,perfect
70.59639075315148,94.30556513065487,151.7151112582121,23.709174377503388,5.401590466499329,150.97845017989994,perfect
70.93859744766195,91.56187041102183,146.73602747569154,20.62327296335988,4.080227017402649,152.56096642184082,perfect
67.04114924911809,84.19549914995136,138.56213643858345,17.154349900833267,4.065945744514465,143.56163628745787,perfect
59.11777797164696,79.10973828041853,148.62562824264796,19.991960308771567,4.74669337272644,138.58877247964693,perfect
67.52854349451657,94.38140840457599,151.2311978710272,26.852864910059424,5.066266655921936,143.2091986444567,perfect
96.18457566264993,83.18540812140682,151.39232906765977,12.99916754124311,6.052824854850769,141.5071505310442,perfect
104.46381796577478,92.93094015270883,95.66012519997703,11.532877813065951,5.42081892490387,140.0870339904657,perfect
108.35681944725494,95.07797415053315,24.833594615790673,13.278845296721784,5.027735233306885,139.17456059275972,perfect
112.07086061107435,96.6288463652405,20.14818929796052,15.442014245833846,5.00277578830719,139.5168866755808,perfect
109.86541358442616,97.95928113629478,11.707746867954782,11.906132448131387,4.457369446754456,142.09528654582,perfect
96.23730050647157,81.78793068270394,134.66688069595537,14.449369823767626,5.242830514907837,142.89639464002562,perfect
110.17744759014906,93.3050632461877,137.9228493158916,16.872384343961357,4.681336879730225,150.78692405585156,perfect
100.18996083552418,116.78617242190074,120.82359720021107,16.59621158637657,4.357331991195679,167.9903124720054,perfect
83.47373967671956,114.36539251453463,149.5927119721674,30.891652837815073,4.566940665245056,166.9359034344738,perfect
76.81158733419953,118.69091931407516,146.93846220972145,41.87933197987563,4.298809170722961,168.10281806903572,perfect
61.50202285489368,99.77237277634401,145.62572070237846,38.27034992145033,4.696092009544373,166.9284073547636,perfect
59.14450744818622,80.71463336658887,127.94303370756363,21.570125918402653,4.596221446990967,162.68382178415334,perfect
64.43932618042409,84.39338284078657,145.0531045000741,19.954056660362482,4.377985000610352,158.63255581250365,perfect
74.98357693750569,110.14887956586273,142.35529536836563,35.16530262835704,3.404337167739868,158.26771874536067,perfect
70.33551360736645,117.12701859253941,127.1536255512356,46.79150498517296,3.785628080368042,164.87961966345574,perfect
83.79714104025237,106.66745938462621,124.9552416464435,22.870318344373842,4.593658447265625,147.83405161458563,perfect
92.05127648774487,86.54075985486455,138.6788106684765,5.510516632880325,5.760666728019714,144.23274968482468,perfect
106.37537142074808,92.80652083081439,89.39710678293494,13.568850589933689,3.966045379638672,146.21357840541475,perfect
101.76203795726133,84.29933323905438,90.4070204526996,17.46270471820695,4.063510894775391,149.26899872697012,perfect
98.5165947212559,71.13080422990444,140.53749079613306,27.385790491351457,5.025351047515869,149.16583769627204,perfect
107.7025989930143,98.46226459138627,150.3296670136334,9.240334401628033,5.943411588668823,150.99107700524468,perfect
86.30526409683497,97.51795857061221,156.11162933008052,11.212694473777233,5.755460262298584,154.50302667748005,perfect
77.73538360093659,63.35861298352435,149.46480177964656,14.376770617412234,5.336001515388489,162.85189212791812,perfect
55.015035386601866,77.01141823175978,145.2424537805911,21.99638284515791,5.844947695732117,152.12495709165796,perfect
54.96154660787683,77.63654554323742,129.40673734146148,22.674998935360584,5.4464757442474365,152.27720655854645,perfect
72.61104929022478,86.58838582777535,130.20243304059883,13.97733653755057,4.46048378944397,149.28034187924655,perfect
79.4748609177496,96.11000591906588,126.96713344608168,16.63514500131629,4.294478893280029,154.87246824630282,perfect
82.31487746823473,104.60666618828706,140.2388133393169,22.291788720052338,4.660069942474365,146.79944869762832,perfect
100.05054561211864,78.54780983723002,128.3294653864084,21.50273577488862,5.2223920822143555,143.72883058436577,perfect
89.32510562708728,79.44595089451938,116.53566164179838,9.879154732567898,4.76422905921936,144.81368843092116,perfect
91.53062642664491,82.38267353800964,114.9841354695651,9.147952888635274,4.489630460739136,143.41937944961035,perfect
88.88454681533312,68.79478079674581,127.28575738109265,20.089766018587312,4.455527663230896,140.79960440570594,perfect
109.10550151013601,83.84415575101467,145.7220048077616,25.26134575912134,4.5465826988220215,145.7277991967367,perfect
