164.69842751799843,159.95558328377243,0.0,-21.5848445892334,0.0,2.7223587036132812,bad
171.84690513538501,168.59804470744797,0.0,-22.41283655166626,0.0,1.491779088973999,bad
174.51550428290878,173.23143350771747,0.0,-22.29968011379242,0.0,0.7498502731323242,bad
176.43452815700465,174.79868016088895,0.0,-22.385886311531067,0.0,0.04538893699645996,bad
176.71503950584213,176.14827480190473,0.0,-22.30396866798401,0.0,0.18480420112609863,bad
175.76806450812666,175.15828544542697,0.0,-22.348785400390625,0.0,0.04410743713378906,bad
177.81158555380208,174.72378730115287,0.0,-22.577914595603943,0.0,0.3631174564361572,bad
176.96289481496737,177.67377349473827,0.0,-22.38970398902893,0.0,0.46439170837402344,bad
179.86780444573668,176.3962768824769,0.0,-22.44694232940674,0.0,0.36351680755615234,bad
176.00929847751217,169.7419929107023,0.0,-22.668367624282837,0.0,2.652329206466675,bad
169.7274515300611,162.69734216703935,0.0,-23.031368851661682,0.0,3.8668036460876465,bad
163.31372990847368,156.79680230823004,0.0,-21.592244505882263,0.0,4.769277572631836,bad
157.76893084508865,151.74255333454502,0.0,-20.925244688987732,0.0,5.275660753250122,bad
150.3245132119566,144.8573974927456,0.0,-20.271840691566467,0.0,5.8612048625946045,bad
145.7741294907148,139.79575014086782,0.0,-19.232043623924255,0.0,6.700485944747925,bad
152.70164907737134,143.73538589569466,0.0,-20.359647274017334,0.0,6.600421667098999,bad
158.9080704037777,153.59595200829327,0.0,-21.231216192245483,0.0,4.710173606872559,bad
165.47729784942118,164.2025287403682,0.0,-22.31769561767578,0.0,3.3893167972564697,bad
178.038067430946,171.5012412109326,0.0,-23.565125465393066,0.0,2.2727549076080322,bad
179.09264796690925,176.87581755191198,0.0,-23.300781846046448,0.0,1.1022508144378662,bad
179.25973440944676,179.24141370710817,0.0,-23.36845099925995,0.0,0.21759271621704102,bad
176.1815015006131,179.27857179174129,0.0,-23.404601216316223,0.0,0.1993238925933838,bad
176.66599325566534,179.63593493651345,0.0,-23.332804441452026,0.0,0.524747371673584,bad
176.58104825488368,179.50239217284627,0.0,-23.546430468559265,0.0,0.31189918518066406,bad
177.16129672958988,176.9820395211998,0.0,-23.430976271629333,0.0,0.5369603633880615,bad
176.14096909402613,172.53814128218113,0.0,-23.278799653053284,0.0,1.9187331199645996,bad
171.61684747232775,168.44627329743628,0.0,-23.190519213676453,0.0,2.8543949127197266,bad
166.54444293235395,159.76202709758402,0.0,-22.745096683502197,0.0,4.552924633026123,bad
157.72183359070382,153.2466048296298,0.0,-21.369221806526184,0.0,5.028581619262695,bad
154.91986157174313,149.3497134660638,0.0,-20.996394753456116,0.0,5.4127037525177,bad
151.98887705755337,147.46758094345017,0.0,-20.513740181922913,0.0,5.221754312515259,bad
155.31937413242613,148.92572815369877,0.0,-21.072936058044434,0.0,5.33631443977356,bad
170.22633308384445,161.4712838291304,0.0,-21.779870986938477,0.0,4.14280891418457,bad
178.4146056902278,171.4022825588382,0.0,-22.31990694999695,0.0,2.2908806800842285,bad
178.60344125118058,176.3238849515014,0.0,-22.654488682746887,0.0,0.9877681732177734,bad
179.09590676322344,177.5851274260445,0.0,-23.142412304878235,0.0,0.3903627395629883,bad
178.0718803789184,179.19495032292332,0.0,-23.391324281692505,0.0,0.7916688919067383,bad
176.25969137299597,178.7409194600711,0.0,-23.394286632537842,0.0,1.3828635215759277,bad
176.66624883393936,178.65383215164917,0.0,-23.24923872947693,0.0,1.4116525650024414,bad
176.21825142673342,178.87545109277158,0.0,-23.23148548603058,0.0,1.5372276306152344,bad
176.72324433047703,178.17743315209265,0.0,-23.135685920715332,0.0,0.5620121955871582,bad
176.7583723183443,174.66309825661043,0.0,-23.236319422721863,0.0,0.8345961570739746,bad
176.85144129042956,169.91063306371205,0.0,-23.190054297447205,0.0,2.3226499557495117,bad
171.97085618690377,164.32847342037488,0.0,-23.125237226486206,0.0,3.6225199699401855,bad
164.0362327575288,158.3975674683931,0.0,-22.29856252670288,0.0,4.570859670639038,bad
161.77798377549811,155.2082021936283,0.0,-21.980780363082886,0.0,5.1093220710754395,bad
160.42431471383426,155.3283604743763,0.0,-21.864718198776245,0.0,4.509377479553223,bad
168.38126554664976,161.45005516499938,0.0,-22.84764051437378,0.0,4.764008522033691,bad
178.50888473169985,170.0226825967514,0.0,-22.721654176712036,0.0,3.110206127166748,bad
179.9229121788518,175.88082518567626,0.0,-22.523069381713867,0.0,0.9558379650115967,bad
179.4899282116565,178.67674705017274,0.0,-23.234623670578003,0.0,0.24365782737731934,bad
178.45204934141393,179.9377953366585,0.0,-23.48373532295227,0.0,0.4307866096496582,bad
175.30476041100974,179.25063762245196,0.0,-23.756057024002075,0.0,1.2050807476043701,bad
174.70900276786327,178.4376501804839,0.0,-23.364338278770447,0.0,1.9516587257385254,bad
174.32215239886705,177.59755558854673,0.0,-23.35401177406311,0.0,0.7240533828735352,bad
175.2972712079272,171.07832199968456,0.0,-23.378852009773254,0.0,1.9042730331420898,bad
169.92884615245245,164.0116803918189,0.0,-22.60931134223938,0.0,3.4297943115234375,bad
161.05947044459558,155.62636802755574,0.0,-21.69693410396576,0.0,4.490083456039429,bad
155.60750171484167,149.95795378003504,0.0,-20.986422896385193,0.0,5.732250213623047,bad
152.33362137387272,145.81758772745823,0.0,-20.67846953868866,0.0,6.14548921585083,bad
155.04895438433434,146.68820629530842,0.0,-20.61813473701477,0.0,6.245017051696777,bad
163.49553968221056,153.74199026668526,0.0,-21.611392498016357,0.0,5.247437953948975,bad
171.1437839134318,169.4773531426617,0.0,-22.199800610542297,0.0,3.294527530670166,bad
179.65326539437157,174.292344524538,0.0,-22.84236252307892,0.0,1.6732454299926758,bad
179.6229466973686,177.55469213785494,0.0,-22.91393280029297,0.0,0.7097721099853516,bad
179.35307415345653,179.49641820623825,0.0,-23.470813035964966,0.0,0.09588003158569336,bad
175.3490564229393,178.76988976531362,0.0,-23.603248596191406,0.0,1.1525392532348633,bad
174.20364258136834,177.3397338913469,0.0,-24.020087718963623,0.0,1.9957482814788818,bad
173.6037871361067,177.5523488584811,0.0,-23.771142959594727,0.0,2.337312698364258,bad
174.29534543555468,178.94338037811497,0.0,-23.389673233032227,0.0,1.0537803173065186,bad
175.05082984414057,171.9986354309772,0.0,-23.403775691986084,0.0,1.8815934658050537,bad
172.99326153489795,165.86509379090614,0.0,-23.321500420570374,0.0,3.6391794681549072,bad
166.65407728379031,158.02214698882094,0.0,-22.31767773628235,0.0,5.2997589111328125,bad
160.7834119216026,151.45779877569402,0.0,-21.70639932155609,0.0,6.473416090011597,bad
156.3919063297797,146.95888302246289,0.0,-20.92238962650299,0.0,6.7404866218566895,bad
155.7527998925835,146.0997542228065,0.0,-21.035030484199524,0.0,6.854104995727539,bad
157.44576380473723,146.23790846547834,0.0,-21.095576882362366,0.0,7.047480344772339,bad
163.00474161649174,149.7275443300334,0.0,-21.452108025550842,0.0,6.799578666687012,bad
171.002601076455,159.1096729499497,0.0,-21.79604470729828,0.0,5.014240741729736,bad
174.9384819509994,172.0332509604801,0.0,-22.594234347343445,0.0,3.0810296535491943,bad
179.37290213751402,175.79739317344558,0.0,-22.741520404815674,0.0,1.3001620769500732,bad
179.1715471756179,179.1058794870538,0.0,-23.150187730789185,0.0,0.3969252109527588,bad
176.10422466099496,178.1422621528035,0.0,-23.501449823379517,0.0,1.293700933456421,bad
173.68057972163788,176.09130249854212,0.0,-23.747485876083374,0.0,2.58486270904541,bad
173.00408012408272,176.48056979184977,0.0,-23.471662402153015,0.0,2.680617570877075,bad
172.04834293549072,179.1586445808261,0.0,-22.966736555099487,0.0,2.141416072845459,bad
173.7871305448537,177.70606404867218,0.0,-23.050644993782043,0.0,0.8188128471374512,bad
176.4853184231477,172.7072468548135,0.0,-23.35592806339264,0.0,1.714491844177246,bad
175.25763434452645,166.89593340389715,0.0,-23.185497522354126,0.0,3.6526262760162354,bad
166.40985318700433,157.42655828211838,0.0,-22.12715744972229,0.0,5.130243301391602,bad
160.30785974429807,149.96977438432984,0.0,-21.262794733047485,0.0,6.462043523788452,bad
154.37171473673655,143.67286249312627,0.0,-20.5720454454422,0.0,7.377123832702637,bad
157.43858196496174,143.3185195046111,0.0,-20.333415269851685,0.0,7.748723030090332,bad
165.75275722237942,148.73118153021673,0.0,-21.213263273239136,0.0,7.325857877731323,bad
168.74793661410035,154.8101040568862,0.0,-21.841731667518616,0.0,5.859947204589844,bad
170.7985202622326,168.85422251465062,0.0,-21.86937928199768,0.0,4.533642530441284,bad
176.72112026793116,174.9944676107466,0.0,-22.269687056541443,0.0,2.00042724609375,bad
178.94525646522712,176.055348998847,0.0,-22.666609287261963,0.0,0.8904576301574707,bad
179.697498964154,179.62000829310014,0.0,-23.207682371139526,0.0,0.023686885833740234,bad
176.94934836429195,178.52548307116228,0.0,-23.40458631515503,0.0,1.0660827159881592,bad
176.3491754365752,176.57473685508506,0.0,-23.24594259262085,0.0,2.2918403148651123,bad
176.35947367094911,176.46412748027572,0.0,-23.071229457855225,0.0,2.3960351943969727,bad
174.74193484097518,178.93478310221727,0.0,-23.305213451385498,0.0,1.0578632354736328,bad
175.84960532472599,171.91458357458677,0.0,-23.217183351516724,0.0,1.7988145351409912,bad
174.5464519910964,164.5660525371918,0.0,-23.300105333328247,0.0,4.225969314575195,bad
169.29764211625562,155.75756817224573,0.0,-22.097212076187134,0.0,6.055992841720581,bad
162.02485713217098,147.8748093310123,0.0,-20.844954252243042,0.0,6.995636224746704,bad
158.270808735117,142.81012157144468,0.0,-19.96908187866211,0.0,7.857060432434082,bad
159.833633612276,143.16942402557797,0.0,-19.66169774532318,0.0,7.811295986175537,bad
169.47413901243354,149.621983878048,0.0,-20.83698809146881,0.0,7.252705097198486,bad
171.5564359164267,157.39192874931874,0.0,-21.4613676071167,0.0,5.068701505661011,bad
175.28181412776368,170.37825955264503,0.0,-21.65825664997101,0.0,3.544771671295166,bad
176.16729189917933,175.09250407985317,0.0,-22.249677777290344,0.0,1.7458796501159668,bad
179.4716363173073,177.48916743132992,0.0,-22.872906923294067,0.0,0.622248649597168,bad
177.86626986600191,179.2667576092466,0.0,-23.405224084854126,0.0,0.013613700866699219,bad
175.59574134656498,179.21770593166158,0.0,-23.605620861053467,0.0,1.0771512985229492,bad
175.83852831824686,177.6318427400917,0.0,-23.551365733146667,0.0,1.885366439819336,bad
174.9546475011791,177.57035570399063,0.0,-23.563537001609802,0.0,2.2166669368743896,bad
173.68083228227573,179.75786260122015,0.0,-23.382657766342163,0.0,1.6128361225128174,bad
172.78700842700516,172.5620350455192,0.0,-23.548921942710876,0.0,1.266545057296753,bad
153.8360622524959,148.47109493637026,0.0,-20.209667086601257,0.0,4.833203554153442,good
154.6212716678436,148.10228764122624,0.0,-20.33175528049469,0.0,5.416905879974365,good
156.99067458759757,149.68088041506732,0.0,-20.64853012561798,0.0,5.425554513931274,good
159.193446709918,150.76013170797825,0.0,-20.440000295639038,0.0,5.419939756393433,good
155.56972151936517,149.43539987474304,0.0,-20.236173272132874,0.0,5.216175317764282,good
148.09862439916566,142.0487845963112,0.0,-18.784460425376892,0.0,6.476283073425293,good
143.3434089431353,136.70128883584687,0.0,-18.29865276813507,0.0,7.572305202484131,good
135.39516141739148,130.39668833423875,0.0,-16.96784496307373,0.0,8.26008915901184,good
125.12264999205823,122.87533472730274,0.0,-15.217441320419312,0.0,8.86203646659851,good
116.85181143139172,115.87617740449909,0.0,-13.264024257659912,0.0,9.278911352157593,good
111.63863677600524,112.55505652332752,0.0,-12.731987237930298,0.0,9.654521942138672,good
107.04893104859529,109.36005078320241,0.0,-12.096816301345825,0.0,9.930604696273804,good
104.01936311722517,106.77617749286333,0.0,-11.391037702560425,0.0,9.922504425048828,good
101.13790152839147,105.56597194384335,0.0,-11.083334684371948,0.0,10.003888607025146,good
95.86750718202772,101.24637373027241,0.0,-9.666424989700317,0.0,9.92622971534729,good
94.91446358238225,101.08872342026712,0.0,-9.440875053405762,0.0,9.604215621948242,good
105.88992307043182,107.6553734626211,0.0,-12.35235333442688,0.0,10.458683967590332,good
119.9234886699633,115.85001110091812,0.0,-15.265727043151855,0.0,10.764509439468384,good
134.46037173699884,124.64933936247516,0.0,-17.76421070098877,0.0,10.993438959121704,good
144.21414079962852,130.16318483176764,0.0,-18.035462498664856,0.0,10.913294553756714,good
155.25344411934586,138.28777429483816,0.0,-19.323813915252686,0.0,10.20350456237793,good
160.87162157582566,145.7153644389342,0.0,-20.39659321308136,0.0,8.864742517471313,good
170.46290349898132,155.91305477763194,0.0,-20.833507180213928,0.0,7.063531875610352,good
174.4093196976195,162.32807705678368,0.0,-20.730647444725037,0.0,5.401748418807983,good
174.6747982267658,164.70448522150602,0.0,-21.29543423652649,0.0,5.0291359424591064,good
172.08040090748506,162.6734519511101,0.0,-22.073009610176086,0.0,5.028843879699707,good
163.12541046141087,155.74954314632885,0.0,-21.96011245250702,0.0,5.9667885303497314,good
154.63031043001638,145.035751501293,0.0,-20.73523700237274,0.0,7.613104581832886,good
149.29889937434922,140.58759247035854,0.0,-19.955283403396606,0.0,8.047938346862793,good
145.54329509184703,136.81145825830342,0.0,-19.2728191614151,0.0,8.628737926483154,good
137.34548562793765,131.6998742478073,0.0,-18.218952417373657,0.0,9.444749355316162,good
129.5176775236279,124.89798435978923,0.0,-16.67000651359558,0.0,9.933477640151978,good
123.72577472089124,118.80657833131374,0.0,-15.003001689910889,0.0,10.29365062713623,good
116.87962755344371,112.83485655548793,0.0,-13.377481698989868,0.0,10.827350616455078,good
113.01763157124726,109.5145880105097,0.0,-13.080251216888428,0.0,11.234921216964722,good
110.66385241470759,107.3428781579752,0.0,-12.311625480651855,0.0,11.157363653182983,good
107.56592608247176,106.37635777831983,0.0,-11.439543962478638,0.0,10.534846782684326,good
106.30850026082881,105.25682202029094,0.0,-11.092621088027954,0.0,10.431832075119019,good
105.20287548443184,104.14963865826411,0.0,-10.897773504257202,0.0,10.49950122833252,good
104.11328033880628,104.02081925695398,0.0,-10.705453157424927,0.0,10.339432954788208,good
104.60266844491404,103.49576141461557,0.0,-10.675114393234253,0.0,10.346978902816772,good
107.28811303049932,106.76645692596688,0.0,-11.568939685821533,0.0,10.35395860671997,good
120.79539525466893,113.41987712897443,0.0,-15.164488554000854,0.0,11.413604021072388,good
133.96043678311673,123.58968190501594,0.0,-17.78165102005005,0.0,11.214983463287354,good
145.50900426735106,130.7958448786139,0.0,-18.879947066307068,0.0,10.860371589660645,good
151.7228757009668,135.16209349308872,0.0,-18.65672767162323,0.0,10.259455442428589,good
158.33706707495674,140.95070556190595,0.0,-19.387227296829224,0.0,9.351086616516113,good
161.99639732931007,144.4873655365279,0.0,-19.999852776527405,0.0,8.97793173789978,good
165.50261678996648,147.28188690916622,0.0,-20.472615957260132,0.0,8.83362889289856,good
164.35712173506536,146.70304246661226,0.0,-20.533931255340576,0.0,8.885455131530762,good
153.5768021238143,142.0869228408177,0.0,-20.606952905654907,0.0,8.98979902267456,good
143.26566346336986,132.79317888597123,0.0,-18.425139784812927,0.0,9.987014532089233,good
136.20811889364322,125.94173807445083,0.0,-16.98363423347473,0.0,10.551494359970093,good
128.25338060565474,118.22884085414907,0.0,-15.115642547607422,0.0,11.055594682693481,good
122.28618110381224,111.36963762585603,0.0,-13.58136534690857,0.0,11.392009258270264,good
114.46875406604241,107.00989565876503,0.0,-12.260949611663818,0.0,11.13172173500061,good
107.39277375260856,103.15806736638422,0.0,-10.704636573791504,0.0,10.37684679031372,good
99.06039075612777,96.6379714310105,0.0,-8.13673734664917,0.0,10.114860534667969,good
91.02649256856523,87.76439273632877,0.0,-5.067199468612671,0.0,9.552401304244995,good
93.63720518560378,90.5723412547108,0.0,-5.9113383293151855,0.0,9.652966260910034,good
104.36704644073987,99.94030741515292,0.0,-9.178763628005981,0.0,9.824764728546143,good
117.79788356957845,109.92315950740053,0.0,-13.084739446640015,0.0,10.69522500038147,good
134.41908096664082,122.93866452991247,0.0,-17.39269495010376,0.0,10.813242197036743,good
145.57376383039662,131.066403074445,0.0,-18.34634840488434,0.0,10.184353590011597,good
154.17488601231392,137.8474545415751,0.0,-18.52308213710785,0.0,9.093046188354492,good
163.2995137673088,146.57086733874112,0.0,-19.47002112865448,0.0,7.780277729034424,good
167.10743632375403,152.10554023118902,0.0,-20.21387219429016,0.0,6.971538066864014,good
170.29963370209921,156.2007543362288,0.0,-20.673009753227234,0.0,6.1753928661346436,good
170.10223439573983,158.3594053470399,0.0,-20.55732011795044,0.0,5.4265618324279785,good
165.27469152450973,155.04465923165375,0.0,-20.409274101257324,0.0,5.792701244354248,good
154.91894132186698,142.0970305271555,0.0,-20.018893480300903,0.0,8.528304100036621,good
149.35920934929192,136.89740938554016,0.0,-19.749808311462402,0.0,9.527122974395752,good
139.42238507924515,130.2567912481868,0.0,-17.781689763069153,0.0,9.826606512069702,good
129.80533095118736,121.40277230584087,0.0,-15.918922424316406,0.0,10.502386093139648,good
122.42465985644289,115.09744334335994,0.0,-14.028173685073853,0.0,10.632866621017456,good
117.57945995088258,111.64300019514667,0.0,-13.10170292854309,0.0,10.512888431549072,good
112.58112593548789,110.15583285311678,0.0,-12.431144714355469,0.0,10.303544998168945,good
113.70563726959635,110.3976910368888,0.0,-12.439239025115967,0.0,10.085892677307129,good
113.7246139060394,109.89641004221119,0.0,-12.217915058135986,0.0,10.059207677841187,good
111.9477584109171,110.24666282516387,0.0,-12.212973833084106,0.0,9.794533252716064,good
119.72168461344452,113.89304402733151,0.0,-14.225196838378906,0.0,10.65070629119873,good
146.00157087783487,129.0723663194683,0.0,-17.846044898033142,0.0,10.791659355163574,good
151.72098588664545,134.26324027207508,0.0,-18.638113141059875,0.0,10.402637720108032,good
162.28031843124356,142.25895015992845,0.0,-19.777587056159973,0.0,9.436100721359253,good
166.5914774929784,148.0199669950429,0.0,-20.297124981880188,0.0,8.392637968063354,good
162.53896663267503,148.0298144012253,0.0,-20.72961926460266,0.0,8.01277756690979,good
159.14704402228958,145.31959772610608,0.0,-20.43222188949585,0.0,8.320397138595581,good
144.84263080867782,134.41336078555926,0.0,-18.44536066055298,0.0,9.259748458862305,good
133.3765063222994,123.79199599092797,0.0,-16.467684507369995,0.0,10.20391583442688,good
127.34760564638229,117.02336524608918,0.0,-14.885807037353516,0.0,10.847091674804688,good
122.44342737438497,112.97817424869748,0.0,-13.816916942596436,0.0,10.907864570617676,good
117.58986774921091,109.94361924935495,0.0,-12.961524724960327,0.0,10.70338487625122,good
113.23579272061673,107.42022700429598,0.0,-11.927992105484009,0.0,10.34495234489441,good
108.16136246101536,104.56212716763773,0.0,-10.897058248519897,0.0,10.105103254318237,good
100.96317863028712,98.26434657735558,0.0,-8.445453643798828,0.0,9.99666452407837,good
101.56386992142153,97.92133160291922,0.0,-8.662194013595581,0.0,10.114920139312744,good
100.21804160537238,96.68670836197606,0.0,-8.265548944473267,0.0,10.08833646774292,good
105.90504001110774,102.6350197760969,0.0,-10.097366571426392,0.0,9.96943712234497,good
118.48352123921443,111.13574083856156,0.0,-13.959717750549316,0.0,10.666513442993164,good
129.73384927125528,119.55689496766746,0.0,-15.85589051246643,0.0,10.720527172088623,good
142.58626940884082,127.94769002174371,0.0,-17.994800209999084,0.0,10.751986503601074,good
151.99741952574036,135.99257396148258,0.0,-18.6661034822464,0.0,9.586352109909058,good
161.7028915041945,142.22460415116458,0.0,-19.44751739501953,0.0,9.330230951309204,good
164.30836730831064,145.95532350153871,0.0,-20.22239863872528,0.0,8.726036548614502,good
165.024136466701,148.13339290919836,0.0,-20.568731427192688,0.0,8.433735370635986,good
162.2553082673528,147.57214937086175,0.0,-21.18031084537506,0.0,8.250349760055542,good
159.56996576725913,145.32049586162228,0.0,-20.678570866584778,0.0,8.521628379821777,good
147.51792270349836,135.14979279247964,0.0,-18.68443787097931,0.0,9.687453508377075,good
137.41554587171373,126.20621460454961,0.0,-16.889968514442444,0.0,10.4461669921875,good
129.43560413641848,119.45235735262614,0.0,-15.45984148979187,0.0,10.731345415115356,good
124.05510184229627,114.82392979660665,0.0,-14.365530014038086,0.0,11.0518217086792,good
119.76894845851952,111.62128749768212,0.0,-13.553231954574585,0.0,11.240500211715698,good
111.55455870383857,106.90708369577015,0.0,-12.250465154647827,0.0,10.922116041183472,good
113.55500779661293,108.11856443740731,0.0,-11.427998542785645,0.0,9.967654943466187,perfect
101.44200914957455,100.51480789074782,0.0,-8.269500732421875,0.0,9.51794981956482,perfect
109.10913068871436,108.84536730358951,0.0,-10.158425569534302,0.0,8.429312705993652,perfect
112.40752159456537,110.559718588018,0.0,-10.591334104537964,0.0,8.631360530853271,perfect
112.64411545392132,109.97214409004445,0.0,-10.249650478363037,0.0,8.551549911499023,perfect
113.32751097595558,111.06789054609524,0.0,-10.225993394851685,0.0,8.256632089614868,perfect
113.72844242295946,110.82127010244633,0.0,-10.220164060592651,0.0,8.441376686096191,perfect
107.22022594489967,104.24925126363493,0.0,-8.9455246925354,0.0,8.815395832061768,perfect
103.51944568497593,101.13759318407756,0.0,-8.286130428314209,0.0,9.08203125,perfect
99.68944728309444,97.41183963999248,0.0,-7.594859600067139,0.0,9.370684623718262,perfect
87.16900519910752,82.83958940056743,0.0,-4.430675506591797,0.0,9.844094514846802,perfect
81.68018310201174,73.74602002464485,0.0,-2.83052921295166,0.0,9.951519966125488,perfect
77.48197114209954,67.92014217527043,0.0,-1.5326440334320068,0.0,9.655934572219849,perfect
64.88267990564636,54.29965388256462,0.0,1.6415715217590332,0.0,8.978497982025146,perfect
50.26418676216414,40.7691658452104,0.0,5.114805698394775,0.0,8.203017711639404,perfect
53.27449027408739,45.12989685111631,0.0,4.277366399765015,0.0,7.696515321731567,perfect
79.89129047345907,69.75901968764015,0.0,-1.4224350452423096,0.0,9.142053127288818,perfect
92.20466194154345,84.09565575139692,0.0,-5.226629972457886,0.0,9.830492734909058,perfect
103.71668915685419,98.98615842934231,0.0,-8.88298749923706,0.0,9.751445055007935,perfect
109.36318492584685,106.25821469257968,0.0,-10.294932126998901,0.0,9.325075149536133,perfect
112.52948908180217,109.44562666502856,0.0,-10.551947355270386,0.0,9.119552373886108,perfect
112.61923003010146,109.14629696149828,0.0,-10.485625267028809,0.0,9.307289123535156,perfect
115.37090180310443,109.32139936872701,0.0,-10.552513599395752,0.0,9.45478081703186,perfect
117.98504500480789,109.4880949853212,0.0,-10.649961233139038,0.0,9.589707851409912,perfect
116.76040461532548,109.55069720296811,0.0,-11.072129011154175,0.0,9.988927841186523,perfect
117.14557016640609,109.55768964907853,0.0,-11.567991971969604,0.0,10.402917861938477,perfect
109.21536694445699,102.22248435667694,0.0,-9.612911939620972,0.0,10.56509017944336,perfect
96.18008041198127,88.70354479502458,0.0,-6.22437596321106,0.0,10.854673385620117,perfect
87.48301482784183,79.07709409721406,0.0,-4.398375749588013,0.0,10.975944995880127,perfect
78.7286235373386,70.98214191901394,0.0,-2.535879611968994,0.0,10.52435040473938,perfect
73.93610200133962,67.61604470657892,0.0,-1.7316102981567383,0.0,10.255873203277588,perfect
66.75853833063331,60.39812826082533,0.0,-0.05962848663330078,0.0,10.058856010437012,perfect
59.82342758580209,52.38316293103592,0.0,2.1123170852661133,0.0,9.406131505966187,perfect
58.20656684835505,50.789056747665406,0.0,2.609950304031372,0.0,9.102404117584229,perfect
74.39743697243861,64.13332914607753,0.0,-0.8797585964202881,0.0,10.10829210281372,perfect
90.11530540064341,79.21621453602808,0.0,-4.710352420806885,0.0,10.882163047790527,perfect
98.84163570267495,89.73415912269797,0.0,-7.274144887924194,0.0,10.893136262893677,perfect
109.72192084053074,100.41685126778492,0.0,-9.883159399032593,0.0,10.800719261169434,perfect
117.74297335956526,107.36296767194276,0.0,-11.497849225997925,0.0,10.661035776138306,perfect
118.42879346981817,107.68340548616229,0.0,-11.340302228927612,0.0,10.904473066329956,perfect
118.98156005136055,108.19929456102548,0.0,-11.543738842010498,0.0,10.649555921554565,perfect
111.40497330645476,102.19499805694261,0.0,-9.587329626083374,0.0,10.466450452804565,perfect
103.38782236759718,92.75878641437748,0.0,-7.584035396575928,0.0,10.640382766723633,perfect
84.11213960135036,73.76278132466149,0.0,-3.1686604022979736,0.0,10.763239860534668,perfect
73.9597835641518,63.86024825415058,0.0,-1.0530650615692139,0.0,10.4606032371521,perfect
66.19976541303095,57.046665468547666,0.0,0.8627772331237793,0.0,9.668439626693726,perfect
58.28460942514427,50.54603596947122,0.0,2.8556644916534424,0.0,8.950167894363403,perfect
50.96829716220046,43.69534976392232,0.0,4.659748077392578,0.0,8.490461111068726,perfect
49.2109688172642,44.421112359920755,0.0,4.563605785369873,0.0,8.29390287399292,perfect
56.37292805008273,51.530251919481636,0.0,2.7579188346862793,0.0,8.65544080734253,perfect
81.19311030735722,71.74675527525596,0.0,-2.655160427093506,0.0,10.156232118606567,perfect
90.77984518724523,81.14035854250932,0.0,-5.248725414276123,0.0,10.540330410003662,perfect
102.98270719599415,93.8701679010781,0.0,-8.532857894897461,0.0,10.624641180038452,perfect
115.50734280895074,103.33580248010497,0.0,-11.115527153015137,0.0,10.75945496559143,perfect
122.71343114403597,107.44987923017237,0.0,-12.50978708267212,0.0,11.355996131896973,perfect
122.96106324845779,107.88788875945198,0.0,-12.077778577804565,0.0,11.109906435012817,perfect
122.4263986724463,107.89945357855038,0.0,-12.137329578399658,0.0,11.103731393814087,perfect
118.00367385946448,104.49853911189587,0.0,-11.112594604492188,0.0,11.067026853561401,perfect
110.22293980451745,96.87478333954095,0.0,-8.975565433502197,0.0,11.170905828475952,perfect
94.47769101780361,79.99590484870123,0.0,-5.527561902999878,0.0,11.347472667694092,perfect
74.60859225089901,59.6030973500977,0.0,-1.0041415691375732,0.0,11.276543140411377,perfect
59.900046948514344,47.278353514395086,0.0,2.366971969604492,0.0,10.420626401901245,perfect
44.927783737622846,38.438473214863436,0.0,5.883806943893433,0.0,8.759242296218872,perfect
41.137969303881015,36.6171359135665,0.0,6.35833740234375,0.0,8.208167552947998,perfect
38.39554081135698,37.092055912180534,0.0,6.674933433532715,0.0,7.88615345954895,perfect
37.803113763957036,37.650817112087886,0.0,6.74135684967041,0.0,7.480514049530029,perfect
55.26058928421375,52.132748682816384,0.0,2.6796042919158936,0.0,8.716166019439697,perfect
78.87893731485353,73.78413039058188,0.0,-2.8581202030181885,0.0,9.80600118637085,perfect
96.7054674797156,90.21687415959394,0.0,-7.265204191207886,0.0,10.089612007141113,perfect
107.9390548871358,102.41984177433409,0.0,-10.134011507034302,0.0,10.072696208953857,perfect
112.52829264947046,106.52696040720963,0.0,-10.641765594482422,0.0,9.993809461593628,perfect
117.63216813422065,109.67457915704705,0.0,-11.533689498901367,0.0,9.779667854309082,perfect
118.5544409385195,109.30340517564528,0.0,-11.63817048072815,0.0,9.879547357559204,perfect
118.13041803942595,108.1222355933624,0.0,-11.159908771514893,0.0,9.980112314224243,perfect
117.71034885927746,105.65707292216632,0.0,-10.769599676132202,0.0,10.075873136520386,perfect
109.44919273661357,95.87315043450263,0.0,-8.59600305557251,0.0,10.742205381393433,perfect
88.57555024639265,77.34310423808148,0.0,-4.531490802764893,0.0,10.968154668807983,perfect
73.50538857435572,63.149541100681006,0.0,-1.3833940029144287,0.0,10.810422897338867,perfect
65.37608112863825,57.021663631703426,0.0,0.36083459854125977,0.0,10.205888748168945,perfect
56.3789235751,47.047502506264834,0.0,3.1140029430389404,0.0,9.403389692306519,perfect
46.506017111929886,40.10668645330828,0.0,5.3455650806427,0.0,8.771908283233643,perfect
45.0059165991328,39.894296218268046,0.0,5.5894434452056885,0.0,8.374351263046265,perfect
43.606034573553174,39.62079779761181,0.0,5.602043867111206,0.0,8.401453495025635,perfect
53.607942276754926,46.20944468670549,0.0,3.552454710006714,0.0,8.989232778549194,perfect
74.77426554525123,66.72763666512805,0.0,-1.7573237419128418,0.0,10.23814082145691,perfect
89.48597443523346,78.57663285030554,0.0,-4.834377765655518,0.0,11.138731241226196,perfect
100.76494023343692,91.00123771420527,0.0,-8.232760429382324,0.0,11.46993637084961,perfect
116.92847867006243,103.33512466069544,0.0,-11.434060335159302,0.0,11.80163025856018,perfect
120.22387913572786,108.17339630675477,0.0,-11.940979957580566,0.0,11.2917959690094,perfect
120.6180082084542,107.00460479695158,0.0,-11.761689186096191,0.0,11.40640377998352,perfect
116.90645064963806,101.72836952560198,0.0,-10.082340240478516,0.0,11.232513189315796,perfect
98.8263588524314,84.07469883519968,0.0,-6.349664926528931,0.0,11.357778310775757,perfect
81.6797755090114,65.08550830335582,0.0,-2.5791943073272705,0.0,11.512279510498047,perfect
70.86911031152529,54.083389132516594,0.0,0.027751922607421875,0.0,11.255955696105957,perfect
61.73586921821836,44.15598762226645,0.0,2.965068817138672,0.0,10.215270519256592,perfect
49.775063143832035,35.423537160337666,0.0,5.471736192703247,0.0,9.65614914894104,perfect
44.67552314158705,37.070698628894995,0.0,5.706542730331421,0.0,8.856409788131714,perfect
41.88722240355751,37.12803044705135,0.0,5.84176778793335,0.0,8.424335718154907,perfect
38.60585584671758,36.712282002671216,0.0,6.273692846298218,0.0,8.209103345870972,perfect
44.029459184524235,41.97277454419068,0.0,4.902374744415283,0.0,8.202046155929565,perfect
65.0194307980011,60.26916926624473,0.0,0.11647343635559082,0.0,9.522920846939087,perfect
83.46982379715675,73.66913633314857,0.0,-3.721129894256592,0.0,10.896039009094238,perfect
97.1383267508867,85.31936595311618,0.0,-6.972092390060425,0.0,11.243605613708496,perfect
112.95058213835462,98.33763469488053,0.0,-10.58351993560791,0.0,11.672985553741455,perfect
123.55154456954777,106.12996181187674,0.0,-11.81640625,0.0,11.70806884765625,perfect
122.57200670039552,106.79224942320357,0.0,-11.888784170150757,0.0,11.591494083404541,perfect
122.85093941873589,106.44120155775062,0.0,-11.918085813522339,0.0,11.640524864196777,perfect
117.34140658731339,99.95451136391245,0.0,-10.152041912078857,0.0,11.46230697631836,perfect
106.5092382195265,87.5489375236968,0.0,-7.768917083740234,0.0,11.637425422668457,perfect
92.0003058042065,74.89036934878811,0.0,-4.521125555038452,0.0,11.377060413360596,perfect
77.6604702771802,62.2853938782136,0.0,-1.3585984706878662,0.0,11.164772510528564,perfect
67.47328466753757,50.018693735855386,0.0,1.159745454788208,0.0,10.788291692733765,perfect
57.2393777553278,40.951054568692506,0.0,3.8077175617218018,0.0,10.218852758407593,perfect
45.575571768789175,34.45319695907773,0.0,6.201982498168945,0.0,9.36477780342102,perfect
44.774184427789486,37.743069349820345,0.0,5.564761161804199,0.0,8.936131000518799,perfect
44.47065252856125,38.311237291452734,0.0,5.3088366985321045,0.0,8.668828010559082,perfect
51.34892356656106,46.52998830725691,0.0,3.456777334213257,0.0,8.838790655136108,perfect
77.27755866132492,68.08002377224994,0.0,-2.25561261177063,0.0,10.649365186691284,perfect
88.70702804712562,78.1427502098905,0.0,-4.731309413909912,0.0,11.169004440307617,perfect
98.1053787342509,89.31144502534204,0.0,-7.671022415161133,0.0,11.206990480422974,perfect
106.16241872692211,94.51097965601821,0.0,-9.00869369506836,0.0,11.357027292251587,perfect
104.82111836880559,93.69983164165279,0.0,-8.772867918014526,0.0,11.55993938446045,perfect
103.70245637404494,92.06982228373835,0.0,-8.609169721603394,0.0,11.893200874328613,perfect
109.47186411277572,96.10593497916801,0.0,-9.991765022277832,0.0,11.925548315048218,perfect
